"CASEID","POINT_X","POINT_Y","YEAR_","LOCATION","CHPTYPE","DAYWEEK","CRASHSEV","VIOLCAT","KILLED","INJURED","WEATHER1","PEDCOL","BICCOL","MCCOL","TRUCKCOL","ETOH","TIMECAT","MONTH_","CRASHTYP","INVOLVE","PED","PRIMARYRD","SECONDRD","DISTANCE","DIRECT","INTERSECT_","PROCDATE","JURIS","DATE_","TIME_","BADGE","JURIDIST","SHIFT","POP","SPECIAL","BEATTYPE","LAPDDIV","BEATCLAS","BEATNUMB","WEATHER2","STATEHW","CALTRANC","CALTRAND","STROUTE","ROUTESUF","POSTPRE","POSTMILE","LOCATYPE","RAMP","SIDEHW","TOWAWAY","PARTIES","PCF","VIOLCODE","VIOL","VIOLSUB","HITRUN","ROADSURF","RDCOND1","RDCOND2","LIGHTING","RIGHTWAY","CHPRDTYP","NOTPRIV","STFAULT","CHPFAULT","SEVINJ","OTHERINJ","COP","PEDKILL","PEDINJ","BICKILL","BICINJ","MCKILL","MCINJURE","RAMP1","RAMP2","CITY","COUNTY","STATE","X_CHP","Y_CHP"
"5964382",-121.341810952,38.6609009047,2012,"3400","4","1","4","05",0,1,"A",,"Y",,,,1500,9,"G","G","A","MADISON AV","HEMLOCK ST",145,"W","N","2014-01-08",9250,"2012-09-17",1200,"015869",,"1","9","0","2",,"1","024","-","N",,0,0,,,0,,,,"N",2,"A","-",21650,"1","N","A","H","-","A","D","0","Y","L","04",0,0,1,0,0,0,1,0,0,"-","-","UNINCORPORATED","SACRAMENTO","CA",0,0
"5964381",-121.383040021,38.6288847723,2012,"3400","4","5","4","03",0,1,"A",,,,,,1200,9,"C","D","A","WATT AV","WHITNEY AV",80,"N","N","2013-12-02",9250,"2012-09-21",1020,"014845",,"1","9","0","2",,"1","045","-","N",,0,0,,,0,,,,"N",3,"A","-",22350,,"N","A","H","-","A","A","0","Y","A","01",0,0,1,0,0,0,0,0,0,"-","-","UNINCORPORATED","SACRAMENTO","CA",0,0
"5964379",-121.308483066,38.661145037,2012,"3400","5","3","3","05",0,1,"A",,"Y",,,,900,9,"D","G","A","PALM AV","DEWEY DR",0,,"Y","2013-11-27",9250,"2012-09-19",715,"012470",,"1","9","0","3",,"2","020","-","N",,0,0,,,0,,,,"N",2,"A","-",21650,"1","N","A","H","-","A","A","0","Y","L","04",0,1,0,0,0,0,1,0,0,"-","-","UNINCORPORATED","SACRAMENTO","CA",0,0
"5964378",0,0,2012,"3400","4","6","4","03",0,1,"A",,,,,,900,9,"C","C","A","ANTELOPE RD","WATT AV",180,"E","N","2013-11-30",9250,"2012-09-15",630,"018045",,"1","9","0","2",,"1","012","-","N",,0,0,,,0,,,,"Y",2,"A","-",22350,,"N","A","H","-","B","D","0","Y","A","01",0,0,1,0,0,0,0,0,0,"-","-","UNINCORPORATED","SACRAMENTO","CA",0,0
"5964377",-121.357099481,38.6728979528,2012,"3400","4","7","4","03",0,1,"A",,,,,,1500,9,"C","C","A","WALERGA RD","WILLOWBROOK DR",95,"S","N","2013-11-30",9250,"2012-09-23",1440,"015961",,"2","9","0","2",,"1","013","-","N",,0,0,,,0,,,,"Y",2,"A","-",22350,,"N","A","H","-","A","D","0","Y","A","07",0,0,1,0,0,0,0,0,0,"-","-","UNINCORPORATED","SACRAMENTO","CA",0,0
"5964374",-121.378863156,38.6738150787,2012,"3400","5","7","4","09",0,1,"A",,,,,,1200,9,"D","C","A","KARL DR","NORTH HAVEN DR",0,,"Y","2013-12-02",9250,"2012-09-09",1155,"015961",,"1","9","0","3",,"2","010","-","N",,0,0,,,0,,,,"Y",2,"A","-",21800,"C","N","A","H","-","A","A","0","Y","A","07",0,0,1,0,0,0,0,0,0,"-","-","UNINCORPORATED","SACRAMENTO","CA",0,0
"5964373",-121.32107302,38.6367750841,2012,"3400","5","4","4","10",0,1,"A","Y",,,,,1800,9,"G","B","D","CALIFORNIA AV","FAIR OAKS BL",0,,"Y","2013-11-30",9250,"2012-09-13",1750,"01463",,"2","9","0","3",,"2","050","-","N",,0,0,,,0,,,,"N",2,"A","-",21950,"A","F","A","H","-","A","A","0","Y","A","07",0,0,1,0,1,0,0,0,0,"-","-","UNINCORPORATED","SACRAMENTO","CA",0,0
"5964372",-121.363448065,38.658190805,2012,"3400","1","2","4","03",0,1,"A",,,"Y",,,900,9,"E","I","A","RT 80","MADISON AV",1000,"W","N","2014-04-16",9250,"2012-09-25",626,"015423",,"1","9","0","1",,"2","183","-","Y","SAC",3,80,"-","-",12.29,"H","-","W","Y",1,"A","-",22350,,"N","A","H","-","B","D","1","Y","C","02",0,0,1,0,0,0,0,0,1,"-","-","UNINCORPORATED","SACRAMENTO","CA",0,0
"5964371",-121.387123298,38.6904133365,2012,"3400","4","7","4","18",0,1,"A",,,,,,1500,9,"A","C","A","ELKHORN BL","34TH ST",97,"E","N","2013-11-26",9250,"2012-09-30",1418,"017425",,"2","9","0","2",,"1","064","-","N",,0,0,,,0,,,,"Y",2,"C","-",0,,"N","A","H","-","A","D","0","Y","-","-",0,0,1,0,0,0,0,0,0,"-","-","UNINCORPORATED","SACRAMENTO","CA",0,0
"5964370",-121.364713117,38.595596144,2012,"3400","4","6","4","03",0,2,"A",,,,,,1200,9,"C","C","A","ARDEN WY","EASTERN AV",40,"W","N","2013-11-30",9250,"2012-09-22",1030,"014845",,"1","9","0","2",,"1","046","-","N",,0,0,,,0,,,,"N",2,"A","-",22350,,"N","A","H","-","A","A","0","Y","A","01",0,0,2,0,0,0,0,0,0,"-","-","UNINCORPORATED","SACRAMENTO","CA",0,0
"5964369",-121.351679653,38.6928996349,2012,"3400","4","3","4","03",0,1,"A",,,,,,900,9,"C","C","A","ELKHORN BL","DON JULIO BL",20,"E","N","2013-11-30",9250,"2012-09-12",825,"0175",,"1","9","0","2",,"1","012","-","N",,0,0,,,0,,,,"N",2,"A","-",22350,,"N","A","H","-","A","A","0","Y","A","01",0,0,1,0,0,0,0,0,0,"-","-","UNINCORPORATED","SACRAMENTO","CA",0,0
"5964368",-121.51330118,38.616274069,2012,"3404","1","3","4","07",0,1,"A",,,"Y",,,900,9,"B","C","A","RT 5","EL CAMINO AV",1200,"N","N","2014-04-19",9250,"2012-09-26",740,"012813",,"1","7","0","1",,"2","106","-","Y","SAC",3,5,"-","-",26.2,"H","-","S","Y",2,"A","-",21658,"A","N","A","H","-","A","D","1","Y","A","01",0,0,1,0,0,0,0,0,1,"-","-","SACRAMENTO","SACRAMENTO","CA",0,0
"5964367",-121.364729475,38.657036855,2012,"3400","1","2","3","03",0,2,"A",,,,,,900,9,"C","C","A","RT 180","MADISON AV",1584,"W","N","2014-04-16",9250,"2012-09-04",750,"12047",,"1","9","0","1",,"2","183","-","Y","SAC",3,80,"-","-",12.18,"H","-","W","Y",3,"A","-",22350,,"N","A","H","-","A","D","1","Y","A","01",0,1,1,0,0,0,0,0,0,"-","-","UNINCORPORATED","SACRAMENTO","CA",0,0
"5964366",0,0,2012,"3400","4","6","3","08",0,1,"A",,,"Y",,,900,9,"F","A","A","ANTELOPE RD","WATT AV",192,"E","N","2013-11-30",9250,"2012-09-15",615,"018045",,"1","9","0","2",,"1","012","-","N",,0,0,,,0,,,,"Y",1,"A","-",22107,,"N","A","H","-","B","D","0","Y","C","02",0,1,0,0,0,0,0,0,1,"-","-","UNINCORPORATED","SACRAMENTO","CA",0,0
"5964365",-121.402202157,38.63042249,2012,"3404","3","2","4","07",0,1,"A",,,,,,2100,9,"B","C","A","RT 51","FULTON AV",250,"S","N","2013-11-30",9250,"2012-09-18",2035,"017620",,"2","7","0","1",,"2","151","-","Y","SAC",3,51,"-","-",6.74,"H","-","N","Y",2,"A","-",21658,"A","N","A","H","-","C","D","1","Y","A","01",0,0,1,0,0,0,0,0,0,"-","-","SACRAMENTO","SACRAMENTO","CA",0,0
"5964364",-121.463654879,38.641479811,2012,"3404","1","4","4","03",0,2,"A",,,,,,900,9,"C","C","A","RT 80","NORWOOD AV",1584,"W","N","2014-04-16",9250,"2012-09-20",732,"017425",,"1","7","0","1",,"2","182","-","Y","SAC",3,80,"-","M",5.82,"H","-","E","Y",2,"A","-",22350,,"N","A","H","-","A","D","1","Y","A","01",0,0,2,0,0,0,0,0,0,"-","-","SACRAMENTO","SACRAMENTO","CA",0,0
"5964363",-121.36445519,38.7041897062,2012,"3400","5","7","3","07",0,1,"A",,,"Y",,,1500,9,"D","C","A","WALERGA RD","ANTELOPE RD",100,"N","N","2013-11-27",9250,"2012-09-02",1305,"017306",,"1","9","0","3",,"2","010","-","N",,0,0,,,0,,,,"N",3,"A","-",21658,"A","N","A","H","-","A","D","0","Y","C","02",0,1,0,0,0,0,0,0,1,"-","-","UNINCORPORATED","SACRAMENTO","CA",0,0
"5964362",-121.351274304,38.6788116678,2012,"3400","4","4","4","21",0,1,"A",,,,,,900,9,"C","C","A","HILLSDALE BL","ROBERT FROST WY",10,"N","N","2013-12-02",9250,"2012-09-27",715,"015423",,"1","9","0","2",,"1","017","-","N",,0,0,,,0,,,,"N",2,"A","-",22106,,"N","A","H","-","A","A","0","Y","A","01",0,0,1,0,0,0,0,0,0,"-","-","UNINCORPORATED","SACRAMENTO","CA",0,0
"5964361",-121.526451356,38.643208441,2012,"3404","1","2","4","03",0,1,"A",,,,,,900,9,"C","C","A","RT 5","ARENA BL",100,"N","N","2014-01-13",9250,"2012-09-18",815,"12813",,"1","7","0","1",,"2","105","-","Y","SAC",3,5,"-","-",28.08,"H","-","S","Y",3,"A","-",22350,,"N","A","H","-","A","D","1","Y","A","01",0,0,1,0,0,0,0,0,0,"-","-","SACRAMENTO","SACRAMENTO","CA",0,0
"5964360",-121.480722621,38.640467491,2012,"3404","1","5","3","18",0,1,"A",,,"Y",,,2400,9,"E","J","A","RT 80","NORTHGATE BL",366,"W","N","2014-04-16",9250,"2012-09-07",2255,"017979",,"3","7","0","1",,"2","181","-","Y","SAC",3,80,"-","M",4.91,"H","-","W","Y",1,"C","-",0,,"N","A","H","-","D","D","1","Y","-","-",0,1,0,0,0,0,0,0,1,"-","-","SACRAMENTO","SACRAMENTO","CA",0,0
"5964359",0,0,2012,"3400","4","5","4","21",0,1,"A",,,,,,1800,9,"C","C","A","WALERGA RD","ANTELOPE RD",20,"S","N","2013-11-26",9250,"2012-09-21",1507,"018045",,"2","9","0","2",,"1","013","-","N",,0,0,,,0,,,,"N",2,"A","-",22106,,"N","A","H","-","A","D","0","Y","A","01",0,0,1,0,0,0,0,0,0,"-","-","UNINCORPORATED","SACRAMENTO","CA",0,0
"5964358",-121.401453023,38.5887450604,2012,"3400","4","3","3","12",0,2,"A",,,,,,600,9,"D","C","A","FULTON AV","HURLEY WY",0,,"Y","2013-12-02",9250,"2012-09-26",530,"014532",,"3","9","0","2",,"1","043","-","N",,0,0,,,0,,,,"Y",3,"A","-",21453,"A","F","A","H","-","C","A","0","Y","A","01",0,1,1,0,0,0,0,0,0,"-","-","UNINCORPORATED","SACRAMENTO","CA",0,0
"5964357",-121.401443068,38.5998550629,2012,"3400","4","4","3","12",0,1,"A",,"Y",,,,2100,9,"H","G","A","FULTON AV","ALTA ARDEN EXPWY",0,,"Y","2013-11-30",9250,"2012-09-20",1835,"018816",,"2","9","0","2",,"1","043","-","N",,0,0,,,0,,,,"N",2,"A","-",21453,"A","F","A","H","-","A","A","0","Y","A","01",0,1,0,0,0,0,1,0,0,"-","-","UNINCORPORATED","SACRAMENTO","CA",0,0
"5964355",-121.40147316,38.6104691256,2012,"3400","4","6","4","17",0,1,"A",,,"Y",,,1500,9,"F","A","A","FULTON AV","EL CAMINO AV",75,"S","N","2013-11-27",9250,"2012-09-08",1415,"017425",,"2","9","0","2",,"1","043","-","N",,0,0,,,0,,,,"N",3,"A","-",22517,,"N","A","-","-","A","A","0","Y","A","01",0,0,1,0,0,0,0,0,1,"-","-","UNINCORPORATED","SACRAMENTO","CA",0,0
"5964354",-121.415363162,38.6041368668,2012,"3400","4","4","4","03",0,2,"A",,,,,,1500,9,"C","C","A","HOWE AV","COTTAGE WY",190,"N","N","2013-12-02",9250,"2012-09-20",1320,"017129",,"1","9","0","2",,"1","041","-","N",,0,0,,,0,,,,"Y",2,"A","-",22350,,"N","A","H","-","A","D","0","Y","A","01",0,0,2,0,0,0,0,0,0,"-","-","UNINCORPORATED","SACRAMENTO","CA",0,0
"5964353",-121.328103134,38.6354550731,2012,"3400","4","5","4","09",0,2,"A",,,,,,1800,9,"D","C","A","FAIR OAKS BL","DON WY",0,,"Y","2013-11-30",9250,"2012-09-21",1645,"017482",,"2","9","0","2",,"1","053","-","N",,0,0,,,0,,,,"Y",2,"A","-",21801,"A","N","A","H","-","A","D","0","Y","A","07",0,0,2,0,0,0,0,0,0,"-","-","UNINCORPORATED","SACRAMENTO","CA",0,0
"5964351",-121.410713135,38.5888450221,2012,"3400","5","4","3","12",0,1,"A",,,,,,1800,9,"A","C","A","HURLEY WY","BELL ST",0,,"Y","2013-11-26",9250,"2012-09-13",1530,"018260",,"2","9","0","3",,"2","040","-","N",,0,0,,,0,,,,"Y",2,"A","-",21453,"A","N","A","H","-","A","A","0","Y","A","01",0,1,0,0,0,0,0,0,0,"-","-","UNINCORPORATED","SACRAMENTO","CA",0,0
"5964350",-121.383083082,38.592385054,2012,"3400","4","7","3","08",0,3,"A",,,,,,1800,9,"B","C","A","WATT AV","EL RICON WY",0,,"Y","2013-12-02",9250,"2012-09-30",1525,"017445",,"2","9","0","2",,"1","045","-","N",,0,0,,,0,,,,"Y",2,"A","-",22103,,"N","-","H","-","A","D","0","Y","A","01",0,1,2,0,0,0,0,0,0,"-","-","UNINCORPORATED","SACRAMENTO","CA",0,0
"5964349",-121.306048879,38.6490826516,2012,"3400","5","4","2","11",0,1,"A","Y","Y",,,,2100,9,"H","B","E","WINDING WY","RUSTIC RD",530,"W","N","2013-11-30",9250,"2012-09-06",2020,"017818",,"2","9","0","3",,"2","020","-","N",,0,0,,,0,,,,"N",2,"A","-",21966,,"N","A","H","-","D","D","0","Y","N","60",1,0,0,0,1,0,0,0,0,"-","-","UNINCORPORATED","SACRAMENTO","CA",0,0
"5964347",-121.401473161,38.6132110543,2012,"3400","4","4","3","08",0,1,"A",,"Y",,,,1500,9,"F","I","A","FULTON AV","ELVYRA WY",75,"N","N","2013-11-26",9250,"2012-09-13",1235,"016363",,"1","9","0","2",,"1","043","-","N",,0,0,,,0,,,,"Y",1,"A","-",22107,,"N","A","H","-","A","D","0","Y","L","04",0,1,0,0,0,0,1,0,0,"-","-","UNINCORPORATED","SACRAMENTO","CA",0,0
"5964346",-121.406073055,38.6229050412,2012,"3400","5","6","3","08",0,1,"A",,"Y",,,,1800,9,"H","G","A","WRIGHT ST","TOWN CIR",0,,"Y","2013-12-02",9250,"2012-09-08",1755,"017863",,"2","9","0","3",,"2","040","-","N",,0,0,,,0,,,,"N",2,"A","-",22107,,"N","A","H","-","A","D","0","Y","L","04",0,1,0,0,0,0,1,0,0,"-","-","UNINCORPORATED","SACRAMENTO","CA",0,0
"5964345",-121.356399894,38.6410720435,2012,"3400","5","1","3","01",0,1,"A",,,,,,600,9,"E","I","A","PASADENA AV","RUTGERS WY",10,"N","N","2013-12-02",9250,"2012-09-24",544,"017397",,"3","9","0","3",,"2","020","-","N",,0,0,,,0,,,,"Y",1,"A","-",23152,"A","N","A","H","-","D","D","0","Y","A","01",0,1,0,0,0,0,0,0,0,"-","-","UNINCORPORATED","SACRAMENTO","CA",0,0
"5964344",-121.422189402,38.615144473,2012,"3400","3","6","2","03",0,1,"A",,,"Y",,,1500,9,"C","C","A","RT 51","MARCONI AV",540,"N","N","2013-11-26",9250,"2012-09-22",1319,"016957",,"1","9","0","1",,"2","151","-","Y","SAC",3,51,"-","-",5.1,"H","-","N","Y",2,"A","-",22350,,"N","A","H","-","A","D","1","Y","C","02",1,0,0,0,0,0,0,0,1,"-","-","UNINCORPORATED","SACRAMENTO","CA",0,0
"5964343",-121.382798361,38.5657334259,2012,"3400","4","4","4","03",0,2,"A",,,,,,900,9,"C","C","A","WATT AV","AMERICAN RIVER DR",1584,"S","N","2013-11-27",9250,"2012-09-13",810,"018260",,"1","9","0","2",,"1","045","-","N",,0,0,,,0,,,,"Y",2,"A","-",22350,,"N","A","H","-","A","D","0","Y","A","01",0,0,2,0,0,0,0,0,0,"-","-","UNINCORPORATED","SACRAMENTO","CA",0,0
"5964342",0,0,2012,"3400","4","4","3","08",0,1,"A",,"Y",,,,1800,9,"H","G","A","ELVERTA RAIL WY","DUTCH HAVEN BL",280,"W","N","2013-12-02",9250,"2012-09-06",1725,"015961",,"2","9","0","2",,"1","062","-","N",,0,0,,,0,,,,"N",2,"A","-",22107,,"N","A","H","-","A","D","0","Y","L","04",0,1,0,0,0,0,1,0,0,"-","-","UNINCORPORATED","SACRAMENTO","CA",0,0
"5964341",-121.41023848,38.626897858,2012,"3400","3","1","4","07",0,1,"A",,,,,,1800,9,"B","C","A","RT 51","BELL ST",150,"N","N","2013-11-30",9250,"2012-09-24",1540,"015272",,"2","9","0","1",,"2","151","-","Y","SAC",3,51,"-","-",6.24,"H","-","N","N",2,"A","-",21658,"A","N","A","H","-","A","D","1","Y","A","07",0,0,1,0,0,0,0,0,0,"-","-","UNINCORPORATED","SACRAMENTO","CA",0,0
"5964340",-121.364613344,38.657141981,2012,"3400","1","5","3","08",0,1,"A",,,,,,600,9,"E","I","A","RT 80","MADISON AV",1550,"W","N","2014-04-16",9250,"2012-09-07",433,"018374",,"3","9","0","1",,"2","183","-","Y","SAC",3,80,"-","-",12.19,"H","-","W","Y",1,"A","-",22107,,"N","A","H","-","D","D","1","Y","A","01",0,1,0,0,0,0,0,0,0,"-","-","UNINCORPORATED","SACRAMENTO","CA",0,0
"5964338",-121.387463127,38.6904149855,2012,"3400","4","2","4","09",0,1,"A",,,,,,1800,9,"D","C","A","ELKHORN BL","34TH ST",0,,"Y","2013-12-02",9250,"2012-09-04",1607,"017383",,"2","9","0","2",,"1","061","-","N",,0,0,,,0,,,,"N",2,"A","-",21802,"A","N","A","H","-","A","A","0","Y","A","07",0,0,1,0,0,0,0,0,0,"-","-","UNINCORPORATED","SACRAMENTO","CA",0,0
"5964337",-121.328433044,38.6243950326,2012,"3400","4","1","4","09",0,1,"A",,,,,,1500,9,"D","C","A","FAIR OAKS BL","NORTH AV",0,,"Y","2013-11-30",9250,"2012-09-17",1300,"012470",,"1","9","0","2",,"1","053","-","N",,0,0,,,0,,,,"Y",2,"A","-",21802,"A","N","A","H","-","A","A","0","Y","A","01",0,0,1,0,0,0,0,0,0,"-","-","UNINCORPORATED","SACRAMENTO","CA",0,0
"5964336",0,0,2012,"3400","5","3","3","01",0,1,"A",,,,,"Y",300,9,"E","I","A","GARFIELD AV","SILVER STRAND WY",235,"N","N","2013-11-26",9250,"2012-09-05",240,"016141",,"3","9","0","3",,"2","020","-","N",,0,0,,,0,,,,"Y",1,"A","-",23152,"A","N","A","H","-","C","D","0","Y","A","01",0,1,0,0,0,0,0,0,0,"-","-","UNINCORPORATED","SACRAMENTO","CA",0,0
"5964335",-121.376123124,38.6103949903,2012,"3400","4","4","3","05",0,1,"A",,"Y",,,,1500,9,"H","G","A","EL CAMINO AV","ANDRADE WY",0,,"Y","2013-11-27",9250,"2012-09-06",1350,"017752",,"1","9","0","2",,"1","044","-","N",,0,0,,,0,,,,"N",2,"A","-",21650,"1","N","A","H","-","A","A","0","Y","L","04",0,1,0,0,0,0,1,0,0,"-","-","UNINCORPORATED","SACRAMENTO","CA",0,0
"5964334",-121.356590917,38.6609394843,2012,"3400","4","2","3","08",0,1,"A",,"Y",,,,1500,9,"H","G","A","MADISON AV","DATE AV",405,"W","N","2014-01-08",9250,"2012-09-04",1430,"12470",,"2","9","0","2",,"1","024","-","N",,0,0,,,0,,,,"N",2,"A","-",22107,,"N","A","H","-","A","D","0","Y","A","08",0,1,0,0,0,0,1,0,0,"-","-","UNINCORPORATED","SACRAMENTO","CA",0,0
"5964333",-121.285652328,38.663795104,2012,"3400","4","2","4","03",0,1,"A",,,,,,1800,9,"C","C","A","MADISON AV","MARIPOSA AV",300,"W","N","2013-11-30",9250,"2012-09-25",1635,"14281",,"2","9","0","2",,"1","024","-","N",,0,0,,,0,,,,"N",2,"A","-",22350,,"N","A","H","-","A","A","0","Y","A","01",0,0,1,0,0,0,0,0,0,"-","-","UNINCORPORATED","SACRAMENTO","CA",0,0
"5964332",-121.383690537,38.5740350882,2012,"3400","4","5","4","21",0,1,"A",,,,,,1800,9,"C","C","A","FAIR OAKS BL","WATT AV",160,"W","N","2013-11-26",9250,"2012-09-07",1725,"016731",,"2","9","0","2",,"1","048","-","N",,0,0,,,0,,,,"N",2,"A","-",22106,,"N","A","H","-","A","A","0","Y","A","01",0,0,1,0,0,0,0,0,0,"-","-","UNINCORPORATED","SACRAMENTO","CA",0,0
"5964330",-121.328750677,38.6109230598,2012,"3400","4","6","3","18",0,1,"A",,,,,,1500,9,"E","I","A","FAIR OAKS BL","VAN ALSTINE AV",422,"N","N","2013-11-30",9250,"2012-09-01",1301,"017482",,"1","9","0","2",,"1","053","-","N",,0,0,,,0,,,,"Y",1,"C","-",0,,"N","A","H","-","A","D","0","Y","-","-",0,1,0,0,0,0,0,0,0,"-","-","UNINCORPORATED","SACRAMENTO","CA",0,0
"5964329",-121.327685233,38.6516642852,2012,"3400","4","6","4","09",0,1,"A",,"Y",,,,1500,9,"H","G","A","MANZANITA AV","JAMESON CT",200,"N","N","2013-11-30",9250,"2012-09-01",1340,"017752",,"1","9","0","2",,"1","023","-","N",,0,0,,,0,,,,"N",2,"A","-",21804,"A","F","A","H","-","A","D","0","Y","L","04",0,0,1,0,0,0,1,0,0,"-","-","UNINCORPORATED","SACRAMENTO","CA",0,0
"5964327",-121.410683162,38.6065198602,2012,"3400","5","7","4","21",0,1,"A",,,,,,1500,9,"B","D","A","BELL ST","LAREDO RD",60,"N","N","2013-11-27",9250,"2012-09-09",1445,"018791",,"2","9","0","3",,"2","040","-","N",,0,0,,,0,,,,"Y",2,"A","-",22106,,"N","A","H","-","A","D","0","Y","A","01",0,0,1,0,0,0,0,0,0,"-","-","UNINCORPORATED","SACRAMENTO","CA",0,0
"5964326",-121.354295642,38.7037649617,2012,"3400","4","3","4","09",0,1,"A",,,,,,900,9,"D","C","A","ANTELOPE RD","ESTEEM DR",5,"E","N","2013-12-02",9250,"2012-09-12",845,"015423",,"1","9","0","2",,"1","012","-","N",,0,0,,,0,,,,"Y",2,"A","-",21804,"A","N","A","H","-","A","B","0","Y","A","01",0,0,1,0,0,0,0,0,0,"-","-","UNINCORPORATED","SACRAMENTO","CA",0,0
"5964325",-121.442967139,38.597778665,2012,"3404","3","2","3","08",0,1,"A",,,"Y",,,1800,9,"E","I","A","RT 51","EXPOSITION BL",300,"N","N","2013-12-02",9250,"2012-09-11",1650,"014142",,"2","7","0","1",,"2","151","-","Y","SAC",3,51,"-","-",3.42,"H","-","N","Y",1,"A","-",22107,,"N","A","H","-","A","D","1","Y","C","02",0,1,0,0,0,0,0,0,1,"-","-","SACRAMENTO","SACRAMENTO","CA",0,0
"5964323",-121.456903177,38.6761211344,2012,"3400","4","7","3","01",0,1,"A",,,,,"Y",1800,9,"E","I","A","RIO LINDA BL","E ST",209,"S","N","2013-11-27",9250,"2012-09-09",1640,"018816",,"2","9","0","2",,"1","061","-","N",,0,0,,,0,,,,"Y",1,"A","-",23152,"A","N","A","H","-","A","D","0","Y","A","07",0,1,0,0,0,0,0,0,0,"-","-","UNINCORPORATED","SACRAMENTO","CA",0,0
"5964322",-121.401469661,38.6106751371,2012,"3400","4","2","4","05",0,1,"A",,"Y",,,,1200,9,"D","G","A","EL CAMINO AV","FULTON AV",1,"E","N","2013-12-02",9250,"2012-09-11",1150,"016363",,"1","9","0","2",,"1","044","-","N",,0,0,,,0,,,,"N",2,"A","-",21650,"1","N","A","H","-","A","A","0","Y","L","04",0,0,1,0,0,0,1,0,0,"-","-","UNINCORPORATED","SACRAMENTO","CA",0,0
"5964321",-121.553172041,38.671065129,2012,"3400","1","3","4","03",0,2,"A",,,,,,2400,9,"C","C","A","RT 5","RT 99",2640,"N","N","2014-04-21",9250,"2012-09-19",2213,"017620",,"3","9","0","1",,"2","106","-","Y","SAC",3,5,"-","-",30.62,"H","-","S","Y",2,"A","-",22350,,"N","A","H","-","D","D","1","Y","A","01",0,0,2,0,0,0,0,0,0,"-","-","UNINCORPORATED","SACRAMENTO","CA",0,0
"5964259",-121.4482531,38.498355119,2012,"3400","3","5","3","03",0,1,"A",,,"Y",,,1500,8,"E","I","A","RT 99","FLORIN RD",170,"N","N","2013-11-13",9252,"2012-08-03",1340,"14977",,"1","9","0","1",,"2","192","-","Y","SAC",3,99,"-","-",19.747,"R","2","N","Y",1,"A","-",22350,,"N","A","H","-","A","D","1","Y","C","02",0,1,0,0,0,0,0,0,1,"-","-","UNINCORPORATED","SACRAMENTO","CA",-121.44753,38.49784
"5964102",-121.419598382,38.61824404,2012,"3404","3","1","4","03",0,1,"A",,,,,"Y",300,12,"C","C","A","RT 51","MARCONI AV",737,"S","N","2014-01-10",9250,"2012-12-03",203,"017979",,"3","7","0","1",,"2","151","-","Y","SAC",3,51,"-","-",5.36,"H","-","N","Y",2,"A","-",22350,,"N","A","H","-","C","D","1","Y","A","07",0,0,1,0,0,0,0,0,0,"-","-","SACRAMENTO","SACRAMENTO","CA",0,0
"5963906",-121.313589323,38.7073344449,2012,"3496","0","5","4","03",0,1,"A",,,,,,1800,8,"C","C","A","ANTELOPE RD","LICHEN DR",36,"W","N","2013-11-09",3496,"2012-08-31",1741,"255",,"5","5","0","0",,"0","001","-","N",,0,0,,,0,,,,"N",2,"A","-",22350,,"N","A","H","-","A","A","0","Y","A","01",0,0,1,0,0,0,0,0,0,"-","-","CITRUS HEIGHTS","SACRAMENTO","CA",0,0
"5963866",-121.297832974,38.2897050008,2012,"3402","0","3","4","09",0,1,"A",,"Y",,,,1800,8,"D","G","A","CARILLION BL","LAKE PARK AV",0,,"Y","2013-11-09",3402,"2012-08-15",1640,"158",,"5","3","0","0",,"0","PATROL","-","N",,0,0,,,0,,,,"N",2,"A","-",21802,"A","N","A","H","-","A","A","0","Y","L","04",0,0,1,0,0,0,1,0,0,"-","-","GALT","SACRAMENTO","CA",0,0
"5963758",-121.288068121,38.6637675455,2012,"3400","4","5","3","11",0,1,"A","Y",,,,,2100,8,"G","B","D","MADISON AV","DIVOT CIR",30,"E","N","2013-11-22",9250,"2012-08-31",2045,"018560",,"2","9","0","2",,"1","024","-","N",,0,0,,,0,,,,"N",2,"A","-",21954,"A","N","A","H","-","D","D","0","Y","N","60",0,1,0,0,1,0,0,0,0,"-","-","UNINCORPORATED","SACRAMENTO","CA",0,0
"5963754",-121.363558929,38.6683628668,2012,"3400","5","5","4","03",0,1,"A",,,,,,900,8,"C","C","A","PALM AV","HILLSDALE BL",350,"N","N","2013-11-22",9250,"2012-08-17",818,"016328",,"1","9","0","3",,"2","010","-","N",,0,0,,,0,,,,"N",2,"A","-",22350,,"N","A","H","-","A","A","0","Y","A","01",0,0,1,0,0,0,0,0,0,"-","-","UNINCORPORATED","SACRAMENTO","CA",0,0