"CASEID","POINT_X","POINT_Y","YEAR_","LOCATION","CHPTYPE","DAYWEEK","CRASHSEV","VIOLCAT","KILLED","INJURED","WEATHER1","PEDCOL","BICCOL","MCCOL","TRUCKCOL","ETOH","TIMECAT","MONTH_","CRASHTYP","INVOLVE","PED","PRIMARYRD","SECONDRD","DISTANCE","DIRECT","INTERSECT_","PROCDATE","JURIS","DATE_","TIME_","BADGE","JURIDIST","SHIFT","POP","SPECIAL","BEATTYPE","LAPDDIV","BEATCLAS","BEATNUMB","WEATHER2","STATEHW","CALTRANC","CALTRAND","STROUTE","ROUTESUF","POSTPRE","POSTMILE","LOCATYPE","RAMP","SIDEHW","TOWAWAY","PARTIES","PCF","VIOLCODE","VIOL","VIOLSUB","HITRUN","ROADSURF","RDCOND1","RDCOND2","LIGHTING","RIGHTWAY","CHPRDTYP","NOTPRIV","STFAULT","CHPFAULT","SEVINJ","OTHERINJ","COP","PEDKILL","PEDINJ","BICKILL","BICINJ","MCKILL","MCINJURE","RAMP1","RAMP2","CITY","COUNTY","STATE","X_CHP","Y_CHP"
"5954932",-121.262547844,38.6996697534,2012,"3496","0","3","4","08",0,1,"C",,,,,,900,12,"D","C","A","FAIR OAKS BL","PLEASANT VIEW DR",93,"S","N","2014-01-09",3496,"2012-12-05",721,"145",,"5","5","0","0",,"0","002","-","N",,0,0,,,0,,,,"N",2,"A","-",22103,,"N","B","H","-","C","A","0","Y","A","07",0,0,1,0,0,0,0,0,0,"-","-","CITRUS HEIGHTS","SACRAMENTO","CA",0,0
"5954928",-121.31664322,38.6780751018,2012,"3496","0","3","4","03",0,1,"B",,,,,,1800,12,"C","C","A","GREENBACK LN","PARK OAKS DR",20,"W","N","2014-01-09",3496,"2012-12-05",1503,"264","3496","5","5","0","0",,"0","003","C","N",,0,0,,,0,,,,"N",2,"A","-",22350,,"N","B","H","-","A","A","0","Y","A","01",0,0,1,0,0,0,0,0,0,"-","-","CITRUS HEIGHTS","SACRAMENTO","CA",0,0
"5954919",-121.50329308,38.495895062,2012,"3404","0","4","4","12",0,2,"B",,,,,,1200,12,"D","C","A","FLORIN RD","AMHERST ST",0,,"Y","2014-01-09",3404,"2012-12-06",1149,"0729",,"5","7","0","0",,"0",,"-","N",,0,0,,,0,,,,"Y",2,"A","-",21453,"A","N","A","H","-","A","A","0","Y","A","01",0,0,2,0,0,0,0,0,0,"-","-","SACRAMENTO","SACRAMENTO","CA",0,0
"5954899",-121.429183156,38.6364950845,2012,"3404","0","4","4","03",0,1,"-",,,,,,1800,12,"C","C","A","GRAND AV","WILLOWS ST",0,,"Y","2014-04-01",3404,"2012-12-06",1500,"0712","P2","5","7","0","0",,"0","02A","-","N",,0,0,,,0,,,,"N",2,"A","-",22350,,"N","-","-","-","-","D","0","Y","A","01",0,0,1,0,0,0,0,0,0,"-","-","SACRAMENTO","SACRAMENTO","CA",0,0
"5954897",-121.415353068,38.6243450247,2012,"3404","0","7","4","12",0,3,"A",,,,,"Y",2400,12,"C","C","A","AUBURN BL","HOWE AV",0,,"Y","2014-01-14",3404,"2012-12-02",2108,"0394","SACRA","5","7","0","0",,"0","02C","-","N",,0,0,,,0,,,,"N",3,"A","-",22450,,"N","A","H","-","C","A","0","Y","A","08",0,0,3,0,0,0,0,0,0,"-","-","SACRAMENTO","SACRAMENTO","CA",0,0
"5954895",-121.472342968,38.541188601,2012,"3404","0","2","3","09",0,1,"C","Y",,,,,2100,12,"G","B","D","32ND ST","12TH AV",6,"S","N","2014-01-09",3404,"2012-12-04",1944,"0844","6","5","7","0","0",,"0","00A","-","N",,0,0,,,0,,,,"N",2,"A","-",21804,,"F","B","H","-","C","D","0","Y","A","01",0,1,0,0,1,0,0,0,0,"-","-","SACRAMENTO","SACRAMENTO","CA",0,0
"5954893",-121.437021572,38.6046006578,2012,"3404","0","7","4","03",0,1,"A",,,,,,1500,12,"C","C","A","ARDEN WY","BLUMENFELD",380,"E","N","2014-01-14",3404,"2012-12-02",1402,"813",,"5","7","0","0",,"0","02C","F","N",,0,0,,,0,,,,"N",2,"A","-",22350,,"N","B","H","-","A","A","0","Y","-","-",0,0,1,0,0,0,0,0,0,"-","-","SACRAMENTO","SACRAMENTO","CA",0,0
"5954849",-121.445558865,38.5664171566,2012,"3404","0","5","3","03",0,1,"A",,,,,,2400,12,"D","C","A","47TH ST","J ST",387,"S","N","2014-01-14",3404,"2012-12-07",2259,"403","3C","5","7","0","0",,"0",,"-","N",,0,0,,,0,,,,"Y",3,"A","-",22350,,"F","A","H","-","C","D","0","Y","A","01",0,1,0,0,0,0,0,0,0,"-","-","SACRAMENTO","SACRAMENTO","CA",0,0
"5954553",-121.258838129,38.470197864,2012,"3400","5","5","3","01",0,1,"C",,,,,"Y",2400,11,"E","I","A","GRANT LINE RD","SLOUGHHOUSE RD",1000,"W","N","2013-12-26",9252,"2012-11-16",2350,"018548",,"3","9","0","3",,"2","070","-","N",,0,0,,,0,,,,"Y",1,"A","-",23152,"A","N","B","H","-","C","D","0","Y","A","01",0,1,0,0,0,0,0,0,0,"-","-","UNINCORPORATED","SACRAMENTO","CA",-121.2602,38.4688
"5954549",-121.429193087,38.4961850197,2012,"3400","4","3","3","12",0,2,"A",,,,,,1800,11,"A","C","A","STOCKTON BL","FLORIN RD",0,,"Y","2014-03-14",9252,"2012-11-07",1515,"015718",,"2","9","0","2",,"2","073","-","N",,0,0,,,0,,,,"Y",2,"A","-",21453,"A","N","A","H","-","A","A","0","Y","A","01",0,2,0,0,0,0,0,0,0,"-","-","UNINCORPORATED","SACRAMENTO","CA",-121.42911,38.49608
"5954543",-121.452313038,38.5249950252,2012,"3404","0","4","3","03",0,3,"C",,,,,,300,11,"E","I","A","FRUITRIDGE RD","ETHEL WY",0,,"Y","2014-03-19",3404,"2012-11-01",101,"479","6B","5","7","0","0",,"0",,"-","N",,0,0,,,0,,,,"Y",1,"A","-",22350,,"N","B","H","-","C","D","0","Y","-","-",0,1,2,0,0,0,0,0,0,"-","-","SACRAMENTO","SACRAMENTO","CA",0,0
"5954541",-121.468025941,38.5129628685,2012,"3400","4","6","3","09",0,2,"A",,,,,,1800,11,"D","C","A","FRANKLIN BL","44TH AV",50,"S","N","2013-12-26",9252,"2012-11-03",1615,"018787",,"2","9","0","2",,"1","072","-","N",,0,0,,,0,,,,"Y",2,"A","-",21804,"A","N","A","H","-","A","D","0","Y","A","01",0,1,1,0,0,0,0,0,0,"-","-","UNINCORPORATED","SACRAMENTO","CA",-121.46775,38.5127
"5954539",-121.425933079,38.4452050441,2012,"3404","0","1","3","01",0,2,"A",,,,,"Y",2400,11,"D","C","A","CENTER PKWY","JACINTO AV",0,,"Y","2013-12-27",3404,"2012-11-05",2230,"0271","5","5","7","0","0",,"0","00C","-","N",,0,0,,,0,,,,"Y",2,"A","-",23152,"A","N","A","H","-","C","A","0","Y","A","01",0,1,1,0,0,0,0,0,0,"-","-","SACRAMENTO","SACRAMENTO","CA",0,0
"5954537",-121.464618681,38.5154331496,2012,"3400","4","1","4","03",0,2,"A",,,,,,1800,11,"C","C","A","MARTIN LUTHER KING JR BL","41ST AV",150,"S","N","2013-12-26",9252,"2012-11-05",1530,"016747",,"2","9","0","2",,"1","071","-","N",,0,0,,,0,,,,"Y",2,"A","-",22350,,"N","A","H","-","A","A","0","Y","A","08",0,0,2,0,0,0,0,0,0,"-","-","UNINCORPORATED","SACRAMENTO","CA",-121.46443,38.51556
"5954529",-121.454619466,38.504364215,2012,"3400","3","4","3","03",0,2,"A",,,,,,2100,11,"C","C","A","RT 99","47TH AV",2587,"S","N","2013-12-26",9252,"2012-11-01",1848,"016747",,"2","9","0","1",,"2","192","-","Y","SAC",3,99,"-","-",20.37,"H","-","N","Y",5,"A","-",22350,,"N","A","H","-","D","D","1","Y","A","01",0,2,0,0,0,0,0,0,0,"-","-","UNINCORPORATED","SACRAMENTO","CA",-121.4548,38.50466
"5954525",-121.419546569,38.471084224,2012,"3400","3","4","2","18",0,1,"A",,,"Y",,"Y",2100,11,"F","A","A","RT 99","WEST STOCKTON BL",1056,"N","N","2013-12-26",9252,"2012-11-01",1800,"016895",,"2","9","0","1",,"2","190","-","Y","SAC",3,99,"-","-",17.44,"H","-","S","N",1,"C","-",0,,"N","A","H","-","A","D","1","Y","-","-",1,0,0,0,0,0,0,0,1,"-","-","UNINCORPORATED","SACRAMENTO","CA",-121.31825,38.30286
"5954521",-121.436823009,38.4961967677,2012,"3400","4","6","3","03",0,2,"A",,,,,,1500,11,"C","C","A","FLORIN RD","SOUTHGATE PLZ",20,"W","N","2013-12-26",9252,"2012-11-03",1435,"018787",,"2","9","0","2",,"1","072","-","N",,0,0,,,0,,,,"Y",4,"A","-",22350,,"N","A","H","-","A","D","0","Y","A","01",0,1,1,0,0,0,0,0,0,"-","-","UNINCORPORATED","SACRAMENTO","CA",-121.38378,38.37832
"5954517",-121.409033037,38.497124974,2012,"3400","4","4","4","09",0,1,"A",,,,,,1800,11,"D","C","A","POWER INN RD","BETTY LOU DR",0,,"Y","2013-12-26",9252,"2012-11-01",1540,"016747",,"2","9","0","2",,"2","073","-","N",,0,0,,,0,,,,"Y",2,"A","-",21801,,"N","A","H","-","A","D","0","Y","A","01",0,0,1,0,0,0,0,0,0,"-","-","UNINCORPORATED","SACRAMENTO","CA",-121.40901,38.49713
"5954405",-121.405178214,38.4622850764,2012,"3400","5","5","4","09",0,2,"A",,,,,,900,10,"D","C","A","AUBERRY DR","REEDLEY WY",10,"E","N","2013-12-16",9252,"2012-10-26",800,"18409",,"1","9","0","3",,"2","074","-","N",,0,0,,,0,,,,"N",2,"A","-",21801,"A","N","A","H","-","A","D","0","Y","A","07",0,0,2,0,0,0,0,0,0,"-","-","UNINCORPORATED","SACRAMENTO","CA",-121.40515,38.46231
"5954401",-121.371953058,38.4689750107,2012,"3400","5","2","4","05",0,1,"A",,"Y",,,,900,10,"H","G","A","ELK GROVE FLORIN RD","CARLISLE AV",0,,"Y","2013-12-16",9252,"2012-10-30",655,"017258",,"1","9","0","3",,"2","074","-","N",,0,0,,,0,,,,"N",2,"A","-",21650,"1","N","A","H","-","B","A","0","Y","L","04",0,0,1,0,0,0,1,0,0,"-","-","UNINCORPORATED","SACRAMENTO","CA",-121.37182,38.469
"5954353",-121.442952535,38.4342795107,2012,"3450","0","6","2","03",0,1,"A",,,,,,2100,12,"E","I","A","BIG HORN BL","FRYE CREEK DR",383,"W","N","2014-01-16",340,"2012-12-08",1958,"10009","2101","5","5","0","0",,"0","002","-","N",,0,0,,,0,,,,"Y",1,"A","-",22350,,"N","A","H","-","C","D","0","Y","A","01",1,0,0,0,0,0,0,0,0,"-","-","ELK GROVE","SACRAMENTO","CA",0,0
"5954349",-121.446383068,38.4341749659,2012,"3450","0","1","4","03",0,1,"C",,,,,,1200,12,"A","I","A","DWIGHT RD","FRANKLIN BL",0,,"Y","2014-01-16",340,"2012-12-17",1121,"10101",,"5","5","0","0",,"0",,"-","N",,0,0,,,0,,,,"Y",1,"A","-",22350,,"N","B","H","-","A","A","0","Y","A","01",0,0,1,0,0,0,0,0,0,"-","-","ELK GROVE","SACRAMENTO","CA",0,0
"5954345",-121.371623098,38.41363503,2012,"3450","0","5","4","03",0,1,"C",,,,,,1500,12,"C","C","A","ELK GROVE FLORIN RD","2ND AV",0,,"Y","2014-01-16",340,"2012-12-21",1215,"10007","5105","5","5","0","0",,"0","005","-","Y",,0,0,,,0,,,,"Y",2,"A","-",22350,,"N","B","H","-","A","A","0","Y","A","01",0,0,1,0,0,0,0,0,0,"-","-","ELK GROVE","SACRAMENTO","CA",0,0
"5954341",0,0,2012,"3450","0","5","4","08",0,1,"C",,,,,,2400,12,"E","I","A","HARBOUR POINT DR","LIGHT POLE 27605",33,"N","N","2014-01-16",340,"2012-12-21",2155,"10413","1203","5","5","0","0",,"0","001","G","N",,0,0,,,0,,,,"Y",1,"A","-",22107,,"N","B","H","-","C","D","0","Y","A","01",0,0,1,0,0,0,0,0,0,"-","-","ELK GROVE","SACRAMENTO","CA",0,0
"5954337",-121.171783019,38.6635650793,2012,"3401","0","2","4","12",0,1,"C",,,,,,1800,12,"D","C","A","GLENN DR","SIBLEY ST",0,,"Y","2014-01-16",3401,"2012-12-25",1659,"210","2","5","5","0","0",,"0","002","-","N",,0,0,,,0,,,,"N",2,"A","-",21453,"A","N","B","H","-","C","A","0","Y","A","01",0,0,1,0,0,0,0,0,0,"-","-","FOLSOM","SACRAMENTO","CA",-121.16789,38.65942
"5954333",-121.149933027,38.6556050889,2012,"3401","0","3","4","03",0,2,"A",,,,,,1800,12,"C","C","A","CARTER WY","MOONLIT WY",0,,"Y","2014-01-16",3401,"2012-12-19",1522,"209","4","5","5","0","0",,"0","004","-","N",,0,0,,,0,,,,"N",2,"A","-",22350,,"N","A","H","-","A","D","0","Y","A","07",0,0,2,0,0,0,0,0,0,"-","-","FOLSOM","SACRAMENTO","CA",0,0
"5954329",-121.13098331,38.6782776895,2012,"3401","0","4","4","03",0,2,"A",,,,,,1800,12,"C","C","A","BLUE RAVINE RD","PARKWAY DR",789,"S","N","2014-01-10",3401,"2012-12-20",1723,"209","3","5","5","0","0",,"0","003","-","N",,0,0,,,0,,,,"Y",4,"A","-",22350,,"N","A","H","-","C","D","0","Y","A","01",0,0,2,0,0,0,0,0,0,"-","-","FOLSOM","SACRAMENTO","CA",-121.12396,38.68517
"5954325",-121.181857199,38.7040675616,2012,"3401","0","6","4","03",0,1,"A",,,,,,300,12,"E","J","A","BALDWIN DAM RD","MOSSWOOD CIR",225,"S","N","2014-01-16",3401,"2012-12-08",17,"213","1","5","5","0","0",,"0","001","-","N",,0,0,,,0,,,,"N",1,"A","-",22350,,"N","A","C","-","C","D","0","Y","-","-",0,0,1,0,0,0,0,0,0,"-","-","FOLSOM","SACRAMENTO","CA",0,0
"5954318",-121.501663097,38.5786449791,2012,"3404","0","1","2","11",0,1,"A","Y",,,,,2400,12,"A","B","B","5TH ST","CAPITOL MALL DR",0,,"Y","2014-01-11",3404,"2012-12-31",2140,"421","3","5","7","0","0",,"0","03A","-","N",,0,0,,,0,,,,"N",2,"A","-",21453,"D","N","A","H","-","C","A","0","Y","N","60",1,0,0,0,1,0,0,0,0,"-","-","SACRAMENTO","SACRAMENTO","CA",0,0
"5954282",-121.401177556,38.4378850752,2012,"3450","0","7","4","03",0,1,"A",,,,,,1200,12,"C","C","A","SHELDON RD","EAST STOCKTON BL",70,"W","N","2014-01-11",340,"2012-12-30",924,"10153","3401","5","5","0","0",,"0","003","B","N",,0,0,,,0,,,,"Y",2,"A","-",22350,,"N","A","H","-","A","A","0","Y","A","01",0,0,1,0,0,0,0,0,0,"-","-","ELK GROVE","SACRAMENTO","CA",0,0
"5954263",-121.492149734,38.5799320092,2012,"3404","0","2","4","10",0,2,"B","Y",,,,,2100,12,"G","B","B","J ST","11TH ST",4,"E","N","2014-04-01",3404,"2012-12-25",1850,"300","3","5","7","0","0",,"0","03M","C","N",,0,0,,,0,,,,"N",3,"A","-",21950,"A","N","B","H","-","C","A","0","Y","A","01",0,0,2,0,2,0,0,0,0,"-","-","SACRAMENTO","SACRAMENTO","CA",0,0
"5954259",-121.470633084,38.5539550091,2012,"3404","0","2","3","09",0,1,"A",,"Y",,,,900,12,"D","G","A","BROADWAY","33RD ST",0,,"Y","2014-01-10",3404,"2012-12-18",818,"0487",,"5","7","0","0",,"0",,"-","N",,0,0,,,0,,,,"N",2,"A","-",21801,"A","N","A","H","-","A","D","0","Y","A","01",0,1,0,0,0,0,1,0,0,"-","-","SACRAMENTO","SACRAMENTO","CA",0,0
"5954255",-121.465853097,38.5336150372,2012,"3404","0","2","3","09",0,2,"C",,,,,,1500,12,"D","D","A","21ST AV","38TH ST",0,,"Y","2014-01-10",3404,"2012-12-25",1324,"442","P6","5","7","0","0",,"0","06A","-","N",,0,0,,,0,,,,"N",2,"A","-",21802,"A","N","B","H","-","A","A","0","Y","A","01",0,1,1,0,0,0,0,0,0,"-","-","SACRAMENTO","SACRAMENTO","CA",0,0
"5954251",-121.462853115,38.5782350098,2012,"3404","0","2","3","14",0,1,"C",,"Y",,,,2100,12,"G","G","A","ALHAMBRA BL","MCKINLEY BL",0,,"Y","2014-01-10",3404,"2012-12-25",2036,"247","3","5","7","0","0",,"0","00C","-","N",,0,0,,,0,,,,"N",2,"A","-",21201,"D","N","B","H","-","C","A","0","Y","L","04",0,1,0,0,0,0,1,0,0,"-","-","SACRAMENTO","SACRAMENTO","CA",0,0
"5954247",-121.475363025,38.4814649804,2012,"3404","0","5","4","05",0,1,"A",,"Y",,,,1800,12,"A","G","A","MEADOWVIEW RD","CORAL GABLES CT",0,,"Y","2014-04-01",3404,"2012-12-21",1630,"845",,"5","7","0","0",,"0",,"-","N",,0,0,,,0,,,,"N",2,"A","-",21650,"1","F","A","H","-","A","A","0","Y","L","04",0,0,1,0,0,0,1,0,0,"-","-","SACRAMENTO","SACRAMENTO","CA",0,0
"5954243",-121.474863088,38.5642750065,2012,"3404","0","7","4","09",0,2,"A",,,,,,2100,12,"D","C","A","S ST","27TH ST",0,,"Y","2014-01-10",3404,"2012-12-30",2005,"300","3","5","7","0","0",,"0","03B","-","N",,0,0,,,0,,,,"Y",2,"A","-",21802,"A","N","A","H","-","D","A","0","Y","A","01",0,0,2,0,0,0,0,0,0,"-","-","SACRAMENTO","SACRAMENTO","CA",0,0
"5953503",-121.475989239,38.5694992255,2012,"3404","0","3","4","21",0,1,"A",,"Y",,,,1200,10,"H","G","A","O ST","25TH ST",114,"W","N","2014-04-03",3404,"2012-10-31",1132,"0469",,"5","7","0","0",,"0",,"-","N",,0,0,,,0,,,,"Y",2,"A","-",22106,,"N","A","H","-","A","-","0","Y","A","08",0,0,1,0,0,0,1,0,0,"-","-","SACRAMENTO","SACRAMENTO","CA",0,0
"5953415",-121.178035288,38.6033751297,2012,"3400","4","6","4","03",0,7,"B",,,,,,2400,12,"C","I","A","WHITE ROCK RD","PRAIRIE CITY RD",8976,"W","N","2014-01-10",9260,"2012-12-22",2105,"15583",,"2","9","0","2",,"2","103","C","N",,0,0,,,0,,,,"Y",1,"A","-",22350,,"N","B","H","-","C","D","0","Y","A","07",0,0,7,0,0,0,0,0,0,"-","-","UNINCORPORATED","SACRAMENTO","CA",-121.10439,38.36105
"5953411",-121.37519315,38.553115009,2012,"3400","4","1","4","09",0,1,"A",,,,,,2400,12,"A","C","A","SOUTH WATT AV","FOLSOM BL",0,,"Y","2014-01-10",9260,"2012-12-31",2210,"15367",,"3","9","0","2",,"2","101","-","N",,0,0,,,0,,,,"Y",2,"A","-",21453,"C","N","A","H","-","C","A","0","Y","A","01",0,0,1,0,0,0,0,0,0,"-","-","UNINCORPORATED","SACRAMENTO","CA",-121.37517,38.55316
"5952952",-121.513798203,38.565158303,2012,"3404","1","7","3","03",0,1,"B",,,,,,1500,12,"E","I","A","RT 5","BROADWAY",175,"S","N","2014-01-16",9252,"2012-12-23",1345,"17325",,"1","7","0","1",,"2","108","C","Y","SAC",3,5,"-","-",22.4,"H","-","N","Y",2,"A","-",22350,,"N","B","H","-","A","D","1","Y","A","01",0,1,0,0,0,0,0,0,0,"-","-","SACRAMENTO","SACRAMENTO","CA",-121.53266,38.12542
"5952948",-121.513564459,38.558372334,2012,"3404","1","7","4","03",0,1,"B",,,,,,1500,12,"E","I","A","RT 5","BROADWAY",2640,"S","N","2014-01-16",9252,"2012-12-23",1248,"18648",,"1","7","0","1",,"2","108","C","Y","SAC",3,5,"-","-",21.93,"H","-","N","Y",1,"A","-",22350,,"N","B","H","-","A","D","1","Y","A","01",0,0,1,0,0,0,0,0,0,"-","-","SACRAMENTO","SACRAMENTO","CA",-121.51378,38.56386
"5952941",-121.521031001,38.52647597,2012,"3404","1","2","4","03",0,2,"C",,,,,,2100,12,"E","I","A","RT 5","SEAMAS AV",100,"N","N","2014-01-09",9252,"2012-12-25",1800,"012717",,"2","7","0","1",,"2","107","-","Y","SAC",3,5,"-","-",19.35,"H","-","S","Y",1,"A","-",22350,,"N","B","H","-","D","D","1","Y","A","01",0,0,2,0,0,0,0,0,0,"-","-","SACRAMENTO","SACRAMENTO","CA",-121.52151,38.52652
"5952937",-121.475275073,38.558864563,2012,"3404","2","2","4","03",0,1,"B",,,,,,1500,12,"E","I","A","RT 50","RT 51",528,"E","N","2014-01-09",9252,"2012-12-25",1255,"014453",,"1","7","0","1",,"2","150","C","Y","SAC",3,50,"-","L",2.345,"R","2","E","Y",1,"A","-",22350,,"N","B","H","-","A","D","1","Y","A","01",0,0,1,0,0,0,0,0,0,"TR","-","SACRAMENTO","SACRAMENTO","CA",-121.47306,38.55788
"5952933",-121.417167175,38.468826503,2012,"3404","3","4","4","03",0,1,"A",,,,,,1800,12,"C","C","A","RT 99","STOCKTON BL",10,"S","N","2014-01-09",9252,"2012-12-27",1705,"015718",,"2","7","0","1",,"2","191","-","Y","SAC",3,99,"-","-",17.24,"H","-","S","Y",2,"A","-",22350,,"N","A","H","-","C","D","1","Y","A","01",0,0,1,0,0,0,0,0,0,"-","-","SACRAMENTO","SACRAMENTO","CA",-121.4179,38.46942
"5952836",-121.50281311,38.6578450518,2012,"3404","0","5","3","09",0,1,"A",,,,,,1800,12,"D","C","A","GATEWAY PARK BL","ALLANO AV",0,,"Y","2014-01-16",3404,"2012-12-07",1554,"398",,"5","7","0","0",,"0","01A","-","N",,0,0,,,0,,,,,2,"A","-",21801,"A","N","A","H","-","A","D","0","Y","A","01",0,1,0,0,0,0,0,0,0,"-","-","SACRAMENTO","SACRAMENTO","CA",0,0
"5952832",-121.424547962,38.5982268519,2012,"3404","0","6","4","00",0,1,"A","Y",,,,,1500,12,"-","B","D","ARDEN WY","CHALLENGE WY",150,"E","N","2014-03-19",3404,"2012-12-22",1256,"0776","2L","5","7","0","0",,"0",,"-","N",,0,0,,,0,,,,"N",2,"D","-",0,,"N","A","H","-","A","D","0","Y","-","-",0,0,1,0,1,0,0,0,0,"-","-","SACRAMENTO","SACRAMENTO","CA",0,0
"5952828",0,0,2012,"3404","0","5","4","09",0,1,"B",,,,,,1200,12,"D","C","A","FOLSOM BL","FOLSOM 8389",18,"W","N","2014-01-16",3404,"2012-12-28",1009,"0239","3","5","7","0","0",,"0","00C","-","N",,0,0,,,0,,,,"Y",2,"A","-",21801,"A","F","A","H","-","A","D","0","Y","-","-",0,0,1,0,0,0,0,0,0,"-","-","SACRAMENTO","SACRAMENTO","CA",0,0
"5952587",-121.471947184,38.561931262,2012,"3404","3","6","4","03",0,1,"B",,,,,,1500,12,"C","C","A","RT 51","T ST",100,"S","N","2014-01-17",9252,"2012-12-22",1305,"014510",,"1","7","0","1",,"2","193","-","Y","SAC",3,51,"-","-",0.23,"H","-","N","Y",2,"A","-",22350,,"N","B","H","-","A","D","1","Y","A","01",0,0,1,0,0,0,0,0,0,"-","-","SACRAMENTO","SACRAMENTO","CA",-121.47224,38.56216
"5952583",-121.476735111,38.5591526884,2012,"3404","2","4","4","08",0,1,"A",,,,,,1500,12,"E","I","A","RT 50","26TH ST",500,"E","N","2014-01-17",9252,"2012-12-20",1455,"014755",,"2","7","0","1",,"2","150","-","Y",,0,0,,,0,,,,"Y",1,"A","-",22107,,"N","A","H","-","A","D","0","Y","A","01",0,0,1,0,0,0,0,0,0,"TO","-","SACRAMENTO","SACRAMENTO","CA",-121.47696,38.56006
"5952579",-121.470567662,38.55927299,2012,"3404","2","4","4","03",0,1,"A",,,,,,2100,12,"C","C","A","RT 50","RT 99",400,"E","N","2014-01-17",9252,"2012-12-20",1810,"014755",,"2","7","0","1",,"2","151","-","Y","SAC",3,50,"-","R",0.16,"H","-","W","Y",3,"A","-",22350,,"N","A","H","-","D","D","1","Y","A","01",0,0,1,0,0,0,0,0,0,"-","-","SACRAMENTO","SACRAMENTO","CA",-121.47158,38.55904
"5952575",-121.473753109,38.544705122,2012,"3404","3","3","4","03",0,1,"A",,,,,,1500,12,"C","C","A","RT 99","12TH AV",100,"N","N","2014-01-17",9252,"2012-12-19",1230,"015718",,"1","7","0","1",,"2","192","-","Y","SAC",3,99,"-","-",23.244,"R","2","N","N",2,"A","-",22350,,"N","A","H","-","A","D","1","Y","A","01",0,0,1,0,0,0,0,0,0,"FR","-","SACRAMENTO","SACRAMENTO","CA",-121.47353,38.54233
"5952567",-121.446297673,38.496264023,2012,"3400","3","1","4","08",0,1,"A",,,,,,2400,12,"E","I","A","RT 99","FLORIN RD",15,"N","N","2014-01-17",9252,"2012-12-17",2225,"017132",,"3","9","0","1",,"2","192","-","Y","SAC",3,99,"-","-",19.62,"H","-","S","Y",1,"A","-",22107,,"N","A","H","-","C","D","1","Y","A","01",0,0,1,0,0,0,0,0,0,"-","-","UNINCORPORATED","SACRAMENTO","CA",-121.44682,38.49604
"5952563",-121.267679494,38.291418747,2012,"3400","3","1","4","08",0,1,"A",,,,,,1500,12,"D","C","A","RT 104","CHEROKEE LN",1320,"W","N","2014-01-17",9252,"2012-12-17",1429,"012096",,"2","9","0","1",,"1","104","-","Y","SAC",3,104,"-","-",2.4,"H","-","W","Y",2,"A","-",22107,,"N","A","H","-","A","D","0","Y","A","01",0,0,1,0,0,0,0,0,0,"-","-","UNINCORPORATED","SACRAMENTO","CA",-121.26858,38.29159
"5952560",-121.284783049,38.5818050196,2012,"3490","0","7","3","01",0,2,"A",,,,,"Y",2400,12,"D","C","A","INTERNATIONAL DR","ZINFANDEL DR",0,,"Y","2014-01-18",3400,"2012-12-30",2238,"232",,"5","5","0","0",,"0",,"-","N",,0,0,,,0,,,,"Y",2,"A","-",23152,"A","N","A","H","-","C","A","0","Y","-","-",0,1,1,0,0,0,0,0,0,"-","-","RANCHO CORDOVA","SACRAMENTO","CA",0,0
"5952481",-121.282691554,38.5991077377,2012,"3490","0","6","3","00",0,1,"C","Y",,,,,1800,12,"G","B","C","FOLSOM BL","CORDOVA LN",200,"W","N","2014-01-16",3400,"2012-12-15",1704,"969",,"5","5","0","0",,"0",,"-","N",,0,0,,,0,,,,"N",2,"D","-",0,,"N","B","H","-","C","A","0","Y","-","-",0,1,0,0,1,0,0,0,0,"-","-","RANCHO CORDOVA","SACRAMENTO","CA",0,0
"5952349",-121.402454679,38.6408210978,2012,"3404","0","1","4","03",0,1,"A",,,,,,2100,12,"C","D","A","ROSEVILLE RD","LONGVIEW DR",400,"S","N","2014-01-16",3404,"2012-12-17",1813,"398",,"5","7","0","0",,"0","02A","-","N",,0,0,,,0,,,,"Y",2,"A","-",22350,,"M","A","H","-","D","D","0","Y","A","01",0,0,1,0,0,0,0,0,0,"-","-","SACRAMENTO","SACRAMENTO","CA",0,0
"5952127",-121.220873054,38.6856950913,2012,"3400","4","4","4","00",0,1,"A","Y",,,,"Y",2100,11,"G","B","E","PECAN AV","CENTRAL AV",0,,"Y","2013-12-30",9260,"2012-11-22",1930,"016371",,"2","9","0","2",,"2","301","-","N",,0,0,,,0,,,,"N",2,"D","-",0,,"N","A","H","-","D","A","0","Y","-","-",0,0,1,0,1,0,0,0,0,"-","-","UNINCORPORATED","SACRAMENTO","CA",0,0
"5952123",-121.342293091,38.563045133,2012,"3400","4","4","4","12",0,1,"A",,,,,,1200,11,"D","C","A","BRADSHAW RD","RT 50",0,,"Y","2013-12-30",9260,"2012-11-22",1150,"013560",,"1","9","0","2",,"2","101","-","Y","SAC",3,50,"-","R",7.509,"R","4","E","Y",2,"A","-",21453,"A","N","A","H","-","A","A","1","Y","A","01",0,0,1,0,0,0,0,0,0,"-","-","UNINCORPORATED","SACRAMENTO","CA",-121,38