"CASEID","POINT_X","POINT_Y","YEAR_","LOCATION","CHPTYPE","DAYWEEK","CRASHSEV","VIOLCAT","KILLED","INJURED","WEATHER1","PEDCOL","BICCOL","MCCOL","TRUCKCOL","ETOH","TIMECAT","MONTH_","CRASHTYP","INVOLVE","PED","PRIMARYRD","SECONDRD","DISTANCE","DIRECT","INTERSECT_","PROCDATE","JURIS","DATE_","TIME_","BADGE","JURIDIST","SHIFT","POP","SPECIAL","BEATTYPE","LAPDDIV","BEATCLAS","BEATNUMB","WEATHER2","STATEHW","CALTRANC","CALTRAND","STROUTE","ROUTESUF","POSTPRE","POSTMILE","LOCATYPE","RAMP","SIDEHW","TOWAWAY","PARTIES","PCF","VIOLCODE","VIOL","VIOLSUB","HITRUN","ROADSURF","RDCOND1","RDCOND2","LIGHTING","RIGHTWAY","CHPRDTYP","NOTPRIV","STFAULT","CHPFAULT","SEVINJ","OTHERINJ","COP","PEDKILL","PEDINJ","BICKILL","BICINJ","MCKILL","MCINJURE","RAMP1","RAMP2","CITY","COUNTY","STATE","X_CHP","Y_CHP"
"5900425",-121.292469548,38.6784604036,2012,"3496","0","2","4","03",0,1,"A",,,,,,1200,11,"C","C","A","SAN JUAN AV","GREENBACK LN",42,"N","N","2014-03-13",3496,"2012-11-06",1145,"266","3496","5","5","0","0",,"0","002","-","N",,0,0,,,0,,,,"N",2,"A","-",22350,,"N","A","H","-","A","A","0","Y","A","08",0,0,1,0,0,0,0,0,0,"-","-","CITRUS HEIGHTS","SACRAMENTO","CA",0,0
"5900365",-121.433370531,38.6027210332,2012,"3404","0","1","4","03",0,1,"A",,,,,,1800,10,"C","C","A","ARDEN WAY","RT 80",595,"E","N","2013-12-28",3404,"2012-10-01",1643,"0758","2","5","7","0","0",,"0","00C","-","N",,0,0,,,0,,,,"Y",3,"A","-",22350,,"N","A","H","-","A","A","0","Y","A","01",0,0,1,0,0,0,0,0,0,"-","WF","SACRAMENTO","SACRAMENTO","CA",0,0
"5900252",-121.503877536,38.6373982721,2012,"3404","0","7","4","03",0,2,"A",,,,,,2100,9,"C","C","A","TRUXEL RD","GATEWAY PARK BL",50,"S","N","2013-12-03",3404,"2012-09-30",1901,"0692",,"5","7","0","0",,"0","01A","-","N",,0,0,,,0,,,,"N",4,"A","-",22350,,"F","A","H","-","B","A","0","Y","A","01",0,0,2,0,0,0,0,0,0,"-","-","SACRAMENTO","SACRAMENTO","CA",0,0
"5899371",-121.463913226,38.6302266292,2012,"3404","0","1","4","06",0,1,"C",,,,,,2400,11,"F","C","A","SILVER EAGLE RD","MABEL ST",200,"W","N","2013-12-31",3404,"2012-11-19",2113,"480",,"5","7","0","0",,"0","02B","-","N",,0,0,,,0,,,,"Y",2,"A","-",21750,,"F","B","H","-","D","A","0","Y","-","-",0,0,1,0,0,0,0,0,0,"-","-","SACRAMENTO","SACRAMENTO","CA",0,0
"5899359",-121.345361354,38.3600127,2012,"3400","3","5","4","08",0,1,"A",,,,,,2100,12,"E","I","A","RT 99","ESCHINGER RD",1500,"S","N","2014-01-11",9252,"2012-12-07",1825,"018782",,"2","9","0","1",,"2","190","E","Y","SAC",3,99,"-","-",8.68,"H","-","S","Y",3,"A","-",22107,,"N","A","H","-","D","D","1","Y","A","01",0,0,1,0,0,0,0,0,0,"-","-","UNINCORPORATED","SACRAMENTO","CA",-121.34647,38.36086
"5899355",-121.411423089,38.458905119,2012,"3400","4","2","4","03",0,1,"A",,,,,,1800,12,"C","C","A","CALVINE RD","RT 99",50,"E","N","2014-01-11",9252,"2012-12-11",1555,"017258",,"2","9","0","2",,"2","073","-","Y","SAC",3,99,"-","-",16.321,"R","4","N","N",2,"A","-",22350,,"N","A","H","-","A","D","1","Y","A","01",0,0,1,0,0,0,0,0,0,"-","-","UNINCORPORATED","SACRAMENTO","CA",-121.41015,38.45675
"5899351",-121.425435939,38.476915134,2012,"3400","3","3","4","03",0,2,"A",,,,,,900,12,"C","C","A","RT 99","MACK RD",1056,"N","N","2014-01-11",9252,"2012-12-12",650,"017971",,"1","9","0","1",,"2","192","-","Y","SAC",3,99,"-","-",17.86,"H","-","N","N",2,"A","-",22350,,"N","B","H","-","A","D","1","Y","A","01",0,0,2,0,0,0,0,0,0,"-","-","UNINCORPORATED","SACRAMENTO","CA",-121.41266,38.46353
"5899347",-121.413324674,38.462894151,2012,"3404","3","3","4","03",0,1,"B",,,,,,900,12,"C","C","A","RT 99","STOCKTON BL",2640,"S","N","2014-01-11",9252,"2012-12-12",700,"011768",,"1","7","0","1",,"2","191","-","Y","SAC",3,99,"-","-",16.74,"H","-","N","Y",3,"A","-",22350,,"N","B","H","-","A","D","1","Y","A","01",0,0,1,0,0,0,0,0,0,"-","-","SACRAMENTO","SACRAMENTO","CA",-121.41569,38.46276
"5899303",-121.335723585,38.343280799,2012,"3400","3","6","4","03",0,2,"A",,,,,,1500,12,"C","C","A","RT 99","DILLARD RD",300,"S","N","2014-01-11",9252,"2012-12-08",1425,"18630",,"2","9","0","1",,"2","190","-","Y","SAC",3,99,"-","-",7.3,"H","-","S","N",3,"A","-",22350,,"N","A","H","-","A","D","1","Y","A","01",0,0,2,0,0,0,0,0,0,"-","-","UNINCORPORATED","SACRAMENTO","CA",0,0
"5899295",-121.436603105,38.553095125,2012,"3404","2","4","3","08",0,2,"A",,,,,,900,12,"E","I","A","RT 50","59TH ST",528,"E","N","2014-01-22",9252,"2012-12-13",820,"14453",,"1","7","0","1",,"2","151","-","Y","SAC",3,50,"-","R",2.23,"H","-","E","Y",3,"A","-",22107,,"N","A","H","-","A","D","1","Y","A","07",0,2,0,0,0,0,0,0,0,"-","-","SACRAMENTO","SACRAMENTO","CA",-121.43633,38.55298
"5899291",-121.418787816,38.551760204,2012,"3404","2","4","4","03",0,1,"A",,,,,,1800,12,"C","C","A","RT 50","HORNET DR",1320,"W","N","2014-01-11",9252,"2012-12-13",1755,"015718",,"2","7","0","1",,"2","151","-","Y","SAC",3,50,"-","R",3.22,"H","-","W","Y",2,"A","-",22350,,"N","A","H","-","C","D","1","Y","A","01",0,0,1,0,0,0,0,0,0,"-","-","SACRAMENTO","SACRAMENTO","CA",-121.41697,38.55209
"5899288",-121.42905337,38.4961850775,2012,"3400","4","7","4","03",0,2,"A",,,,,,1500,12,"C","C","A","FLORIN RD","STOCKTON BL",40,"E","N","2014-01-11",9252,"2012-12-09",1200,"018243",,"1","9","0","2",,"2","073","-","N",,0,0,,,0,,,,"N",2,"A","-",22350,,"N","A","H","-","A","D","0","Y","A","07",0,0,2,0,0,0,0,0,0,"-","-","UNINCORPORATED","SACRAMENTO","CA",-121.42881,38.49621
"5899119",-121.378863035,38.4156350412,2012,"3450","0","4","4","00",0,1,"A",,,,,,300,12,"D","C","A","KELSEY DR","GREAT CT",0,,"Y","2014-01-15",340,"2012-12-20",55,"10414","5105","5","5","0","0",,"0","005","-","Y",,0,0,,,0,,,,"Y",2,"A","-",23103,"A","M","A","H","-","C","A","0","Y","B","01",0,0,1,0,0,0,0,0,0,"-","-","ELK GROVE","SACRAMENTO","CA",0,0
"5899115",-121.484223046,38.5667649934,2012,"3404","0","6","4","08",0,1,"C",,,,,,2100,12,"D","C","A","20TH ST","S ST",0,,"Y","2014-01-15",3404,"2012-12-15",1826,"892",,"5","7","0","0",,"0","03B","-","N",,0,0,,,0,,,,"Y",2,"A","-",22100,"B","N","B","H","-","C","A","0","Y","A","01",0,0,1,0,0,0,0,0,0,"-","-","SACRAMENTO","SACRAMENTO","CA",0,0
"5899111",-121.480782707,38.5609004591,2012,"3404","0","4","3","06",0,1,"B",,"Y",,,,900,12,"B","G","A","24TH ST","W ST",25,"S","N","2014-01-15",3404,"2012-12-13",638,"0785",,"5","7","0","0",,"0",,"-","N",,0,0,,,0,,,,"N",2,"A","-",21755,,"N","B","B","-","C","A","0","Y","A","01",0,1,0,0,0,0,1,0,0,"-","-","SACRAMENTO","SACRAMENTO","CA",0,0
"5899107",-121.460998302,38.5601537772,2012,"3404","0","1","3","01",0,1,"A",,,,,"Y",2400,12,"E","I","A","37TH ST","S ST",9,"S","N","2014-01-17",3404,"2012-12-24",2246,"896","6","5","7","0","0",,"0","00B","-","N",,0,0,,,0,,,,"Y",1,"A","-",23152,"A","N","A","H","-","C","D","0","Y","-","-",0,1,0,0,0,0,0,0,0,"-","-","SACRAMENTO","SACRAMENTO","CA",0,0
"5899103",-121.435860577,38.5104636395,2012,"3404","0","3","2","12",0,1,"A",,"Y",,,,1800,12,"D","G","A","STOCKTON BL","ELDER CREEK RD",12,"S","N","2014-01-15",3404,"2012-12-19",1542,"0668",,"5","7","0","0",,"0",,"-","N",,0,0,,,0,,,,"Y",2,"A","-",21453,"A","N","A","H","-","A","A","0","Y","L","04",1,0,0,0,0,0,1,0,0,"-","-","SACRAMENTO","SACRAMENTO","CA",0,0
"5899099",-121.47110302,38.5523649646,2012,"3404","0","7","4","12",0,2,"C",,,,,,2100,12,"D","C","A","33RD ST","3RD AV",0,,"Y","2014-01-17",3404,"2012-12-23",1859,"403",,"5","7","0","0",,"0","06A","-","N",,0,0,,,0,,,,"Y",2,"A","-",22450,,"F","B","H","-","C","A","0","Y","-","-",0,0,2,0,0,0,0,0,0,"-","-","SACRAMENTO","SACRAMENTO","CA",0,0
"5899095",-121.380342707,38.5506714733,2012,"3404","0","5","2","03",0,2,"C",,,,,,2100,12,"B","C","A","FOLSOM BL","WISSEMAN",400,"E","N","2014-01-15",3404,"2012-12-21",2011,"416",,"5","7","0","0",,"0","03C","-","N",,0,0,,,0,,,,"Y",2,"A","-",22350,,"N","B","H","-","C","D","0","Y","A","01",1,0,1,0,0,0,0,0,0,"-","-","SACRAMENTO","SACRAMENTO","CA",0,0
"5899091",-121.412083344,38.5741010762,2012,"3404","0","5","3","-",0,1,"C","Y",,,,,1800,12,"G","B","D","UNIVERSITY AV","FAIR OAKS BL",60,"S","N","2014-01-15",3404,"2012-12-21",1734,"416","3C","5","7","0","0",,"0",,"-","N",,0,0,,,0,,,,"N",2,"A","-",0,,"N","B","H","-","C","D","0","Y","N","60",0,1,0,0,1,0,0,0,0,"-","-","SACRAMENTO","SACRAMENTO","CA",0,0
"5899087",-121.502340333,38.5837464878,2012,"3404","0","3","3","11",0,1,"A","Y",,,,,1500,12,"D","B","D","3RD ST","I ST",54,"S","N","2014-01-15",3404,"2012-12-19",1415,"0876",,"5","7","0","0",,"0","03M","-","N",,0,0,,,0,,,,"N",2,"A","-",21954,"A","N","A","H","-","A","A","0","Y","N","60",0,1,0,0,1,0,0,0,0,"-","-","SACRAMENTO","SACRAMENTO","CA",0,0
"5899083",-121.505410406,38.5663229091,2012,"3404","0","5","3","07",0,1,"B",,,,,,1500,12,"B","C","A","X ST","6TH ST",25,"E","N","2014-01-15",3404,"2012-12-21",1436,"732",,"5","7","0","0",,"0",,"C","N",,0,0,,,0,,,,"Y",2,"A","-",21658,"A","N","B","H","-","A","D","0","Y","A","01",0,1,0,0,0,0,0,0,0,"-","-","SACRAMENTO","SACRAMENTO","CA",0,0
"5899079",-121.456953129,38.6377349761,2012,"3404","0","5","2","09",0,2,"-",,,,,,1200,12,"C","C","A","NORWOOD AV","MORRISON AV",0,,"Y","2014-03-27",3404,"2012-12-21",1015,"0670",,"5","7","0","0",,"0","02A","-","N",,0,0,,,0,,,,"Y",2,"A","-",21804,"A","N","-","-","-","A","-","0","Y","-","-",1,0,1,0,0,0,0,0,0,"-","-","SACRAMENTO","SACRAMENTO","CA",0,0
"5899075",0,0,2012,"3404","0","5","4","08",0,1,"B",,,,,,900,12,"-","C","A","ARENA BL","RT 5",75,"W","N","2014-01-15",3404,"2012-12-21",622,"553",,"5","7","0","0",,"0",,"-","N",,0,0,,,0,,,,"Y",2,"A","-",22107,,"N","B","H","-","C","A","0","Y","A","01",0,0,1,0,0,0,0,0,0,"-","NF","SACRAMENTO","SACRAMENTO","CA",0,0
"5899071",-121.424193,38.4715150404,2012,"3404","0","5","3","12",0,1,"C",,,,,,2100,12,"D","C","A","BRUCEVILLE RD","ALTA VALLEY DR",0,,"Y","2014-01-15",3404,"2012-12-21",2019,"0506",,"5","7","0","0",,"0","05C","-","N",,0,0,,,0,,,,"Y",2,"A","-",21453,"A","N","B","H","-","C","A","0","Y","-","-",0,1,0,0,0,0,0,0,0,"-","-","SACRAMENTO","SACRAMENTO","CA",0,0
"5899067",0,0,2012,"3404","0","4","4","03",0,1,"A","Y",,,,,2400,12,"G","B","F","ARDEN WY","ARDEN WY 1949",0,,"-","2014-01-15",3404,"2012-12-20",2213,"290",,"5","7","0","0",,"0","02C","-","N",,0,0,,,0,,,,"N",2,"A","-",22350,,"N","A","H","-","C","D","0","Y","-","-",0,0,1,0,1,0,0,0,0,"-","-","SACRAMENTO","SACRAMENTO","CA",0,0
"5899063",-121.502373094,38.5667250511,2012,"3404","0","4","4","09",0,2,"B",,,"Y",,"Y",1200,12,"D","C","A","W ST","8TH ST",0,,"Y","2014-01-15",3404,"2012-12-13",1159,"0482",,"5","7","0","0",,"0",,"-","N",,0,0,,,0,,,,"Y",2,"A","-",21802,"A","N","A","H","-","A","A","0","Y","C","06",0,0,2,0,0,0,0,0,0,"-","-","SACRAMENTO","SACRAMENTO","CA",0,0
"5899059",-121.489863035,38.5817750699,2012,"3404","0","6","4","12",0,2,"C",,,,,,1500,12,"D","C","A","12TH ST","H ST",0,,"Y","2014-01-15",3404,"2012-12-15",1227,"0239","3","5","7","0","0",,"0","00A","-","N",,0,0,,,0,,,,"Y",2,"A","-",21453,"A","N","B","H","-","A","A","0","Y","A","01",0,0,2,0,0,0,0,0,0,"-","-","SACRAMENTO","SACRAMENTO","CA",0,0
"5899055",-121.48239309,38.5846750216,2012,"3404","0","2","4","08",0,1,"B",,,,,,1800,12,"E","I","A","16TH ST","D ST",0,,"N","2014-01-17",3404,"2012-12-18",1502,"482",,"5","7","0","0",,"0",,"-","Y",,0,0,,,0,,,,"Y",1,"A","-",22107,,"N","A","H","-","A","D","0","Y","A","01",0,0,1,0,0,0,0,0,0,"-","-","SACRAMENTO","SACRAMENTO","CA",0,0
"5899051",-121.435821746,38.6365515375,2012,"3404","0","2","4","09",0,3,"A",,,,,,1800,12,"D","C","A","GRAND AV","HURON ST",528,"W","N","2014-03-14",3404,"2012-12-18",1751,"0319",,"5","7","0","0",,"0",,"-","N",,0,0,,,0,,,,"Y",2,"A","-",21801,"A","N","A","H","-","C","D","0","Y","A","01",0,0,3,0,0,0,0,0,0,"-","-","SACRAMENTO","SACRAMENTO","CA",0,0
"5899048",-121.362293104,38.4089950294,2012,"3450","0","5","4","03",0,1,"A",,,,,,1800,12,"C","C","A","ELK GROVE BL","SCHOOL ST",0,"E","N","2014-01-15",340,"2012-12-14",1722,"10009","5601","5","5","0","0",,"0","005","-","N",,0,0,,,0,,,,"Y",3,"A","-",22350,,"N","A","H","-","C","D","0","Y","A","01",0,0,1,0,0,0,0,0,0,"-","-","ELK GROVE","SACRAMENTO","CA",0,0
"5899047",-121.442643134,38.5250450253,2012,"3404","0","4","3","10",0,1,"B","Y",,,,,1800,12,"G","B","F","FRUITRIDGE RD","STOCKTON BL",0,"E","N","2014-01-17",3404,"2012-12-20",1515,"490","6B","5","7","0","0",,"0",,"-","N",,0,0,,,0,,,,"N",2,"A","-",21952,,"F","A","H","-","A","D","0","Y","A","01",0,1,0,0,1,0,0,0,0,"-","-","SACRAMENTO","SACRAMENTO","CA",0,0
"5899044",-121.393283081,38.419215117,2012,"3450","0","1","4","03",0,4,"B",,,,,,1800,12,"C","C","A","LAGUNA BL","RT 99",90,"W","N","2014-01-15",340,"2012-12-17",1732,"10076","2406","5","5","0","0",,"0","002","-","Y","SAC",3,99,"-","-",13.581,"R","4","N","N",2,"A","-",22350,,"N","A","H","-","C","A","0","Y","A","07",0,0,4,0,0,0,0,0,0,"-","NF","ELK GROVE","SACRAMENTO","CA",0,0
"5898974",-121.181952991,38.6715850667,2012,"3401","0","6","4","08",0,1,"C",,,,,,1200,12,"B","C","A","FOLSOM BL","NATOMA ST",0,,"Y","2014-01-13",3401,"2012-12-01",939,"177","2","5","5","0","0",,"0","002","-","N",,0,0,,,0,,,,"Y",2,"A","-",22107,,"N","B","H","-","A","A","0","Y","A","07",0,0,1,0,0,0,0,0,0,"-","-","FOLSOM","SACRAMENTO","CA",-121.18383,38.69574
"5898970",0,0,2012,"3401","0","7","4","09",0,2,"C",,,,,,1200,12,"A","C","A","IRON POINT RD","PALLADIO PKWY",0,,"Y","2014-01-13",3401,"2012-12-02",950,"175","4","5","5","0","0",,"0","004","G","N",,0,0,,,0,,,,"Y",2,"A","-",21453,"C","N","B","H","-","A","A","0","Y","-","-",0,0,2,0,0,0,0,0,0,"-","-","FOLSOM","SACRAMENTO","CA",-121.11802,38.64608
"5898783",-121.425077758,38.487586484,2012,"3400","4","3","4","03",0,2,"C",,,,,,1500,10,"C","C","A","STOCKTON BL","FLEMING AV",20,"N","N","2013-12-17",9252,"2012-10-24",1420,"14957",,"2","9","0","2",,"2","073","-","N",,0,0,,,0,,,,"Y",2,"A","-",22350,,"N","B","H","-","A","A","0","Y","A","01",0,0,2,0,0,0,0,0,0,"-","-","UNINCORPORATED","SACRAMENTO","CA",-121.42505,37.48773
"5898782",-121.395267635,38.4584346212,2012,"3400","5","7","3","11",0,1,"A","Y",,,,,1800,10,"G","B","E","SPENGLER DR","HONEYCOMB WY",50,"S","N","2013-12-17",9252,"2012-10-21",1730,"13720",,"2","9","0","3",,"2","070","-","N",,0,0,,,0,,,,"N",2,"A","-",21954,"A","F","A","H","-","A","D","0","Y","N","60",0,1,0,0,1,0,0,0,0,"-","-","UNINCORPORATED","SACRAMENTO","CA",-121.38527,38.45828
"5898781",-121.456593108,38.560145124,2012,"3404","2","2","4","03",0,2,"A",,,,,,1500,10,"C","C","A","RT 50","STOCKTON BL",900,"W","N","2013-12-17",9252,"2012-10-30",1435,"14957",,"2","7","0","1",,"2","151","-","Y","SAC",3,50,"-","R",0.79,"H","-","W","Y",3,"A","-",22350,,"N","A","H","-","A","D","1","Y","A","07",0,0,2,0,0,0,0,0,0,"-","-","SACRAMENTO","SACRAMENTO","CA",-121.48037,38.55998
"5898376",-121.448113129,38.4231050577,2012,"3450","0","6","4","08",0,1,"C",,,,,,2100,12,"C","C","A","FRANKLIN BL","LAGUNA BL",0,,"Y","2014-01-13",340,"2012-12-01",2052,"10009","2301","5","5","0","0",,"0","002","-","N",,0,0,,,0,,,,"N",2,"A","-",22107,,"N","B","H","-","C","A","0","Y","A","01",0,0,1,0,0,0,0,0,0,"-","-","ELK GROVE","SACRAMENTO","CA",0,0
"5898372",0,0,2012,"3450","0","2","4","03",0,1,"A",,,,,,1800,12,"E","I","A","LAGUNA BL","LIGHTPOLE #24900",70,"E","N","2014-01-13",340,"2012-12-04",1736,"10031","2400","5","5","0","0",,"0","002","-","N",,0,0,,,0,,,,"Y",1,"A","-",22350,,"N","A","H","-","C","D","0","Y","A","01",0,0,1,0,0,0,0,0,0,"-","-","ELK GROVE","SACRAMENTO","CA",0,0
"5898368",0,0,2012,"3450","0","6","4","03",0,2,"B",,,,,,1500,12,"C","C","A","BOND RD","EMERALD CREST DR",30,"S","N","2014-01-13",340,"2012-12-01",1304,"10328","5101","5","5","0","0",,"0","005","C","N",,0,0,,,0,,,,"Y",2,"A","-",22350,,"N","B","H","-","A","A","0","Y","A","01",0,0,2,0,0,0,0,0,0,"-","-","ELK GROVE","SACRAMENTO","CA",0,0
"5898364",0,0,2012,"3450","0","3","4","08",0,2,"B",,,,,,1500,12,"D","C","A","LEWIS STEIN RD","SHELDON RD",450,"S","N","2014-01-13",340,"2012-12-05",1419,"10328","2201","5","5","0","0",,"0","002","C","N",,0,0,,,0,,,,"Y",2,"A","-",22107,,"N","A","H","-","A","D","0","Y","A","01",0,0,2,0,0,0,0,0,0,"-","-","ELK GROVE","SACRAMENTO","CA",0,0
"5898360",-121.480783059,38.4279249569,2012,"3450","0","7","4","03",0,2,"A",,,,,,1200,12,"C","C","A","LAGUNA BL","HARBOUR POINT DR",0,,"Y","2014-01-13",340,"2012-12-09",1121,"10031","1203","5","5","0","0",,"0","001","-","N",,0,0,,,0,,,,"N",2,"A","-",22350,,"N","A","H","-","A","A","0","Y","A","01",0,0,2,0,0,0,0,0,0,"-","-","ELK GROVE","SACRAMENTO","CA",0,0
"5898356",0,0,2012,"3450","0","3","3","12",0,1,"C",,"Y",,,,900,12,"H","G","A","FRANKLIN HIGH RD","HEWITT WAY",0,,"Y","2014-01-13",340,"2012-12-05",844,"10081","4301","5","5","0","0",,"0","004","-","N",,0,0,,,0,,,,"N",2,"A","-",22450,"A","N","B","H","-","A","A","0","Y","A","01",0,1,0,0,0,0,1,0,0,"-","-","ELK GROVE","SACRAMENTO","CA",0,0
"5898245",-121.465769219,38.576238028,2012,"3404","3","6","4","01",0,1,"C",,,,,"Y",300,12,"E","I","A","RT 51","J ST",200,"N","N","2014-01-18",9252,"2012-12-01",130,"18899",,"3","7","0","1",,"2","193","-","Y","SAC",3,51,"-","-",1.257,"R","2","N","Y",1,"A","-",23152,"A","N","B","H","-","C","D","1","Y","A","01",0,0,1,0,0,0,0,0,0,"FR","-","SACRAMENTO","SACRAMENTO","CA",-121.46616,38.57439
"5898166",-121.371797397,38.4531976923,2012,"3400","5","6","3","05",0,1,"A",,"Y",,,"Y",2100,9,"H","G","A","ELK GROVE FLORIN RD","CALVINE RD",194,"N","N","2013-12-04",9252,"2012-09-29",1948,"19071",,"2","9","0","3",,"2","074","-","N",,0,0,,,0,,,,"Y",2,"A","-",21650,"1","N","A","H","-","C","A","0","Y","L","04",0,1,0,0,0,0,1,0,0,"-","-","UNINCORPORATED","SACRAMENTO","CA",-121.37145,38.45335
"5897594",-121.512143129,38.4956250689,2012,"3404","0","1","4","11",0,1,"A","Y",,,,,1500,11,"G","B","D","SOUTH LAND PARK DR","FLORIN RD",0,"S","N","2014-01-07",3404,"2012-11-26",1200,"490","4C","5","7","0","0",,"0",,"-","N",,0,0,,,0,,,,"N",2,"A","-",21955,,"N","A","H","-","A","A","0","Y","N","60",0,0,1,0,1,0,0,0,0,"-","-","SACRAMENTO","SACRAMENTO","CA",0,0
"5897590",-121.417968215,38.4673969014,2012,"3404","0","2","3","10",0,1,"A","Y",,,,,1800,11,"G","B","F","BRUCEVILLE RD","WYNDHAM DR",633,"S","N","2014-01-07",3404,"2012-11-27",1732,"490","5C","5","7","0","0",,"0",,"-","N",,0,0,,,0,,,,"N",3,"A","-",21952,,"N","A","H","-","D","D","0","Y","A","07",0,1,0,0,1,0,0,0,0,"-","-","SACRAMENTO","SACRAMENTO","CA",0,0
"5897586",-121.499959182,38.5602556848,2012,"3404","0","3","3","01",0,1,"A",,,,,"Y",2100,11,"A","E","A","RIVERSIDE BL","BEVERLY WY",300,"S","N","2014-03-21",3404,"2012-11-28",1810,"574",,"5","7","0","0",,"0","04A","-","N",,0,0,,,0,,,,"Y",3,"A","-",23152,"A","N","A","H","-","C","D","0","Y","A","01",0,1,0,0,0,0,0,0,0,"-","-","SACRAMENTO","SACRAMENTO","CA",0,0
"5897582",-121.451783118,38.641365132,2012,"3404","0","3","4","12",0,2,"-",,,,,,2400,11,"D","C","A","NORWOOD AV","RT 80",0,,"Y","2014-01-27",3404,"2012-11-28",2103,"0446",,"5","7","0","0",,"0","02A","-","Y","SAC",3,80,"-","M",6.324,"R","4","W","Y",2,"A","-",21453,"A","N","-","-","-","-","A","0","Y","A","01",0,0,2,0,0,0,0,0,0,"-","WF","SACRAMENTO","SACRAMENTO","CA",0,0
"5897463",-121.350672021,38.5652528389,2012,"3400","4","5","4","08",0,1,"C",,,,,,2100,11,"E","I","A","MAYHEW RD","FOLSOM BL",40,"S","N","2014-01-07",9260,"2012-11-30",1905,"018339",,"2","9","0","2",,"2","101","-","N",,0,0,,,0,,,,"Y",1,"A","-",22107,,"N","B","H","-","C","A","0","Y","A","01",0,0,1,0,0,0,0,0,0,"-","-","UNINCORPORATED","SACRAMENTO","CA",-121.3501,38.56423
"5896990",-121.504033117,38.581945123,2012,"3404","1","6","4","01",0,1,"B",,,"Y",,"Y",300,12,"F","A","A","RT 5","I ST",40,"N","N","2014-01-16",9252,"2012-12-15",238,"018986",,"3","7","0","1",,"2","108","-","Y","SAC",3,5,"-","-",23.64,"R","2","S","Y",1,"A","-",23152,"A","N","A","H","-","C","D","1","Y","C","02",0,0,1,0,0,0,0,0,1,"FR","-","SACRAMENTO","SACRAMENTO","CA",-121.50303,38.58433
"5896989",-121.491981183,38.563456394,2012,"3404","2","6","4","03",0,1,"B",,,,,,1500,12,"C","C","A","RT 50","15TH ST",50,"W","N","2014-01-16",9252,"2012-12-01",1420,"014755",,"2","7","0","1",,"2","150","C","Y","SAC",3,50,"-","L",1.36,"H","-","W","Y",2,"A","-",22350,,"N","B","H","-","A","D","1","Y","A","01",0,0,1,0,0,0,0,0,0,"-","-","SACRAMENTO","SACRAMENTO","CA",-121.49437,38.56473
"5896986",-121.60083421,38.16705976,2012,"3400","5","1","3","08",0,1,"A",,,,,,900,12,"F","A","A","GRAND ISLAND RD","RT 160",2640,"S","N","2014-01-16",9252,"2012-12-03",630,"011768",,"1","9","0","3",,"2","090","E","Y",,0,0,,,0,,,,"Y",1,"A","-",22107,,"N","A","H","-","A","D","0","Y","A","01",0,1,0,0,0,0,0,0,0,"-","-","UNINCORPORATED","SACRAMENTO","CA",-121.59086,38.2625
"5896982",0,0,2012,"3400","5","1","3","08",0,1,"A",,,,,,1500,12,"E","J","A","BRANNAN ISLAND RD","RT 12",6600,"S","N","2014-04-25",9252,"2012-12-03",1240,"011768",,"1","9","0","3",,"2","090","-","Y",,0,0,,,0,,,,"Y",1,"A","-",22107,,"N","A","H","-","A","D","0","Y","A","01",0,1,0,0,0,0,0,0,0,"-","-","UNINCORPORATED","SACRAMENTO","CA",-121.57645,38.10853
"5896978",-121.455525568,38.4961645217,2012,"3400","4","7","4","03",0,1,"C",,,,,,2100,12,"C","C","A","FLORIN RD","BOWLING DR",15,"W","N","2014-01-16",9252,"2012-12-02",2025,"018986",,"2","9","0","2",,"2","073","-","N",,0,0,,,0,,,,"N",2,"A","-",22350,,"M","B","H","-","C","A","0","Y","-","99",0,0,1,0,0,0,0,0,0,"-","-","UNINCORPORATED","SACRAMENTO","CA",-121.45554,38.49598
"5896974",-121.464603043,38.5130950115,2012,"3400","4","2","4","12",0,1,"A",,,,,,1800,12,"D","C","A","MARTIN LUTHER KING JR BL","44TH AV",0,,"Y","2014-01-16",9252,"2012-12-04",1550,"016895",,"2","9","0","2",,"1","071","-","N",,0,0,,,0,,,,"N",2,"A","-",22450,"A","N","A","H","-","A","A","0","Y","A","01",0,0,1,0,0,0,0,0,0,"-","-","UNINCORPORATED","SACRAMENTO","CA",-121.46447,38.51304
"5896923",-121.417463071,38.3906749949,2012,"3450","0","1","4","09",0,2,"A",,,,,,1800,12,"D","C","A","BRUCEVILLE RD","QUAIL RUN LN",0,,"Y","2014-01-13",340,"2012-12-10",1727,"10298","4302","5","5","0","0",,"0","004","-","Y",,0,0,,,0,,,,"Y",2,"A","-",21802,"A","N","A","H","-","C","D","0","Y","A","01",0,0,2,0,0,0,0,0,0,"-","-","ELK GROVE","SACRAMENTO","CA",0,0
"5896919",-121.37147313,38.4017909844,2012,"3450","0","3","4","03",0,3,"A",,,,,,1800,12,"C","C","A","ELK GROVE FLORIN RD","VALLEY OAK LN",24,"N","N","2014-01-13",340,"2012-12-12",1540,"10298","5403","5","5","0","0",,"0","005","-","N",,0,0,,,0,,,,"Y",2,"A","-",22350,,"N","A","H","-","A","D","0","Y","A","01",0,0,3,0,0,0,0,0,0,"-","-","ELK GROVE","SACRAMENTO","CA",0,0