"CASEID","POINT_X","POINT_Y","YEAR_","LOCATION","CHPTYPE","DAYWEEK","CRASHSEV","VIOLCAT","KILLED","INJURED","WEATHER1","PEDCOL","BICCOL","MCCOL","TRUCKCOL","ETOH","TIMECAT","MONTH_","CRASHTYP","INVOLVE","PED","PRIMARYRD","SECONDRD","DISTANCE","DIRECT","INTERSECT_","PROCDATE","JURIS","DATE_","TIME_","BADGE","JURIDIST","SHIFT","POP","SPECIAL","BEATTYPE","LAPDDIV","BEATCLAS","BEATNUMB","WEATHER2","STATEHW","CALTRANC","CALTRAND","STROUTE","ROUTESUF","POSTPRE","POSTMILE","LOCATYPE","RAMP","SIDEHW","TOWAWAY","PARTIES","PCF","VIOLCODE","VIOL","VIOLSUB","HITRUN","ROADSURF","RDCOND1","RDCOND2","LIGHTING","RIGHTWAY","CHPRDTYP","NOTPRIV","STFAULT","CHPFAULT","SEVINJ","OTHERINJ","COP","PEDKILL","PEDINJ","BICKILL","BICINJ","MCKILL","MCINJURE","RAMP1","RAMP2","CITY","COUNTY","STATE","X_CHP","Y_CHP"
"5807164",-121.239043058,38.6642850454,2012,"3400","4","3","4","05",0,1,"A",,"Y",,,,900,9,"D","G","A","MADISON AV","VALONIA ST",0,,"Y","2014-03-19",9260,"2012-09-19",705,"14633",,"1","9","0","2",,"2","304","-","N",,0,0,,,0,,,,"N",2,"A","-",21650,"1","N","A","H","-","A","D","0","Y","L","04",0,0,1,0,0,0,1,0,0,"-","-","UNINCORPORATED","SACRAMENTO","CA",-121.23891,38.66408
"5806461",-121.165988993,38.6520289199,2012,"3401","0","5","2","08",0,1,"A",,,"Y",,,2400,10,"B","C","A","PRAIRIE CITY RD","WILLARD",425,"N","N","2013-12-21",3401,"2012-10-12",2343,"219","4","5","5","0","0",,"0","004","-","N",,0,0,,,0,,,,"Y",2,"A","-",22107,,"N","A","H","-","C","D","0","Y","A","01",1,0,0,0,0,0,0,0,1,"-","-","FOLSOM","SACRAMENTO","CA",-121.16787,38.65942
"5806457",-121.162966445,38.6494384277,2012,"3401","0","4","4","03",0,2,"A",,,,,,1800,10,"C","C","A","PRAIRIE CITY RD","IRON POINT RD",54,"S","N","2013-12-21",3401,"2012-10-11",1631,"203","4","5","5","0","0",,"0","004","-","N",,0,0,,,0,,,,"N",2,"A","-",22350,,"N","A","H","-","A","A","0","Y","A","08",0,0,2,0,0,0,0,0,0,"-","-","FOLSOM","SACRAMENTO","CA",0,0
"5806453",0,0,2012,"3401","0","1","4","03",0,2,"A",,,,,,1800,10,"C","C","A","BIDWELL ST","VIA FELICE",78,"S","N","2013-12-21",3401,"2012-10-15",1744,"212","4","5","5","0","0",,"0","004","-","N",,0,0,,,0,,,,"Y",2,"A","-",22350,,"N","A","H","-","A","A","0","Y","A","01",0,0,2,0,0,0,0,0,0,"-","-","FOLSOM","SACRAMENTO","CA",0,0
"5806445",0,0,2012,"3401","0","6","4","12",0,1,"A",,,,,,1800,10,"D","C","A","PALLADIO PKWY","IRON POINT RD",0,,"Y","2013-12-21",3401,"2012-10-13",1730,"212","4","5","5","0","0",,"0","004","-","N",,0,0,,,0,,,,"Y",2,"A","-",21453,"A","N","A","H","-","A","A","0","Y","A","01",0,0,1,0,0,0,0,0,0,"-","-","FOLSOM","SACRAMENTO","CA",-121.13068,38.65926
"5806441",0,0,2012,"3401","0","4","4","03",0,2,"B",,,,,,1500,10,"C","C","A","EAST BIDWELL ST","FELICE WY",120,"N","N","2013-12-21",3401,"2012-10-11",1437,"209","4","5","5","0","0",,"0","004","-","N",,0,0,,,0,,,,"Y",3,"A","-",22350,,"N","A","H","-","A","A","0","Y","A","01",0,0,2,0,0,0,0,0,0,"-","-","FOLSOM","SACRAMENTO","CA",-121.13068,38.65926
"5806437",-121.140811065,38.6759306321,2012,"3401","0","3","4","03",0,1,"A",,,,,,1800,10,"C","C","A","BLUE RAVINE RD","FLOWER DR",290,"E","N","2013-12-21",3401,"2012-10-17",1635,"206","3","5","5","0","0",,"0","003","-","N",,0,0,,,0,,,,"N",3,"A","-",22350,,"N","A","H","-","A","A","0","Y","A","01",0,0,1,0,0,0,0,0,0,"-","-","FOLSOM","SACRAMENTO","CA",-121.3394,38.6716
"5806430",-121.303526726,38.581314954,2012,"3490","2","4","4","03",0,1,"A",,,,,,1800,10,"C","C","A","RT 50","MATHER FIELD RD",1056,"E","N","2013-12-21",9260,"2012-10-04",1725,"12718",,"2","5","0","1",,"2","501","-","Y","SAC",3,50,"-","R",9.71,"H","-","W","Y",2,"A","-",22350,,"N","A","H","-","A","D","1","Y","A","01",0,0,1,0,0,0,0,0,0,"-","-","RANCHO CORDOVA","SACRAMENTO","CA",0,0
"5806410",-121.367872172,38.5471554942,2012,"3400","5","1","4","03",0,1,"A",,,,,,300,10,"C","C","A","KIEFER BL","AUTUMNWOOD DR",6,"E","N","2013-12-21",9260,"2012-10-08",125,"18590",,"3","9","0","3",,"2","001","-","N",,0,0,,,0,,,,"Y",2,"A","-",22350,,"F","A","H","-","C","D","0","Y","A","01",0,0,1,0,0,0,0,0,0,"-","-","UNINCORPORATED","SACRAMENTO","CA",-121.36797,38.54741
"5806406",-121.202203069,38.6817450117,2012,"3400","5","2","3","09",0,2,"A",,,,,,1800,10,"D","C","A","MAIN AV","ORANGEVALE AV",0,,"Y","2013-12-21",9260,"2012-10-02",1510,"18352",,"2","9","0","3",,"2","003","-","N",,0,0,,,0,,,,"Y",2,"A","-",21801,"A","N","A","H","-","A","A","0","Y","A","01",0,1,1,0,0,0,0,0,0,"-","-","UNINCORPORATED","SACRAMENTO","CA",-121.20268,38.68173
"5806370",-121.244594622,38.618936873,2012,"3400","2","1","3","08",0,3,"A",,,,,,2100,10,"C","C","A","RT 50","SUNRISE BL",2,"E","N","2013-12-18",9260,"2012-10-01",2010,"17550",,"2","9","0","1",,"2","502","-","Y","SAC",3,50,"-","-",14,"H","-","W","Y",2,"A","-",22107,,"N","A","H","-","E","D","1","Y","A","01",0,1,2,0,0,0,0,0,0,"-","-","UNINCORPORATED","SACRAMENTO","CA",0,0
"5806366",-121.366018681,38.537430481,2012,"3400","3","3","4","08",0,1,"A",,,,,,900,10,"A","C","A","RT 16","THORNHILL DR",0,,"Y","2013-12-18",9260,"2012-10-03",650,"12465",,"1","9","0","1",,"2","116","-","Y","SAC",3,16,"-","-",4.447,"I","5","E","Y",2,"A","-",22107,,"N","A","H","-","A","D","0","Y","A","01",0,0,1,0,0,0,0,0,0,"-","-","UNINCORPORATED","SACRAMENTO","CA",0,0
"5806362",-121.351045381,38.561827999,2012,"3400","2","3","4","03",0,3,"A",,,,,,2100,10,"C","C","A","RT 50","MAYHEW RD",200,"W","N","2013-12-18",9260,"2012-10-03",1810,"015583",,"2","9","0","1",,"2","501","-","Y","SAC",3,50,"-","R",6.94,"H","-","W","N",2,"A","-",22350,,"N","A","H","-","A","D","1","Y","A","07",0,0,3,0,0,0,0,0,0,"-","-","UNINCORPORATED","SACRAMENTO","CA",-121.2111,38.33712
"5806289",-121.473933109,38.541195121,2012,"3404","3","5","4","04",0,1,"B",,,,,,1800,10,"C","C","A","RT 99","12TH AV",40,"S","N","2013-12-19",9252,"2012-10-12",1525,"18668",,"2","7","0","1",,"2","192","-","Y","SAC",3,99,"-","-",23.12,"H","-","S","Y",3,"A","-",21703,,"N","A","H","-","A","D","1","Y","A","01",0,0,1,0,0,0,0,0,0,"-","-","SACRAMENTO","SACRAMENTO","CA",-121.47405,38.54072
"5805186",-121.334800926,38.4699991249,2012,"3404","5","3","4","01",0,1,"A",,,,,"Y",300,8,"E","I","A","BRADSHAW RD","ROGERS CIR",75,"S","N","2014-03-04",9252,"2012-08-01",145,"017134",,"3","7","0","3",,"2","074","-","N",,0,0,,,0,,,,"Y",1,"A","-",23152,"A","N","A","H","-","D","D","0","Y","A","01",0,0,1,0,0,0,0,0,0,"-","-","SACRAMENTO","SACRAMENTO","CA",0,0
"5804988",-121.260471908,38.6641451073,2012,"3400","4","1","4","08",0,1,"A",,,,,,1800,9,"H","A","A","MADISON AV","FAIR OAKS BL",500,"E","N","2013-12-18",9260,"2012-09-24",1540,"13284",,"2","9","1","2",,"2","304","-","N",,0,0,,,0,,,,"N",2,"A","-",22107,,"N","A","H","-","A","D","0","Y","A","01",0,0,1,0,0,0,0,0,0,"-","-","UNINCORPORATED","SACRAMENTO","CA",0,0
"5804758",-121.439095844,38.6111091505,2012,"3404","0","6","3","03",0,3,"A",,,,,,1800,10,"C","C","A","EL CAMINO AV","CLAY ST",45,"E","N","2013-12-18",3404,"2012-10-13",1636,"852","2C","5","7","0","0",,"0",,"-","N",,0,0,,,0,,,,"N",2,"A","-",22350,,"N","A","H","-","A","D","0","Y","A","01",0,1,2,0,0,0,0,0,0,"-","-","SACRAMENTO","SACRAMENTO","CA",0,0
"5804307",-121.383413013,38.4016150171,2012,"3450","0","4","4","03",0,1,"A",,,,,,2400,10,"C","C","A","EAST STOCKTON BL","VALLEY OAK LN",0,,"Y","2013-12-19",340,"2012-10-18",2321,"10257","5403","5","5","0","0",,"0","005","-","N",,0,0,,,0,,,,"N",2,"A","-",22350,,"N","A","H","-","C","A","0","Y","A","01",0,0,1,0,0,0,0,0,0,"-","-","ELK GROVE","SACRAMENTO","CA",0,0
"5804306",-121.384364674,38.4089632087,2012,"3450","0","7","3","07",0,3,"A",,,,,,2100,10,"D","C","A","ELK GROVE BL","EMERALD VISTA DR",54,"E","N","2013-12-23",340,"2012-10-21",1933,"10298","5401","5","5","0","0",,"0","005","-","N",,0,0,,,0,,,,"Y",2,"A","-",21658,"A","N","A","H","-","C","A","0","Y","A","07",0,1,2,0,0,0,0,0,0,"-","-","ELK GROVE","SACRAMENTO","CA",0,0
"5804303",-121.371883094,38.4816550564,2012,"3400","5","3","4","-",0,1,"A",,,,,,1200,10,"D","C","A","ELK GROVE FLORIN RD","GERBER RD",0,,"Y","2014-03-14",9252,"2012-10-17",1100,"17134",,"1","9","0","3",,"2","074","-","N",,0,0,,,0,,,,"Y",3,"A","-",0,,"N","A","H","-","A","A","0","Y","A","01",0,0,1,0,0,0,0,0,0,"-","-","UNINCORPORATED","SACRAMENTO","CA",0,0
"5804302",-121.409023056,38.4961049704,2012,"3400","4","1","4","12",0,2,"A",,,,,,900,10,"D","C","A","FLORIN RD","POWER INN RD",0,,"Y","2013-12-19",9252,"2012-10-15",850,"012149",,"1","9","0","2",,"2","073","-","N",,0,0,,,0,,,,"Y",2,"A","-",21453,"A","N","A","H","-","A","A","0","Y","D","22",0,0,2,0,0,0,0,0,0,"-","-","UNINCORPORATED","SACRAMENTO","CA",-121.38391,38.29651
"5804299",-121.449493017,38.5560149825,2012,"3404","0","4","3","12",0,1,"A",,,,,,900,10,"D","C","A","48TH ST","T ST",0,,"Y","2013-12-23",3404,"2012-10-04",822,,,"5","7","0","0",,"0",,"-","N",,0,0,,,0,,,,"Y",2,"A","-",22450,"A","N","A","H","-","A","A","0","Y","A","01",0,1,0,0,0,0,0,0,0,"-","-","SACRAMENTO","SACRAMENTO","CA",-121.44958,38.5559
"5804295",-121.445578905,38.495870097,2012,"3404","3","4","4","03",0,1,"A",,,,,,900,10,"C","C","A","RT 99","FLORIN RD",450,"S","N","2013-12-23",9252,"2012-10-18",650,"15006",,"1","7","0","1",,"2","192","-","Y","SAC",3,99,"-","-",19.52,"H","-","N","Y",2,"A","-",22350,,"N","A","H","-","A","D","1","Y","D","22",0,0,1,0,0,0,0,0,0,"-","-","SACRAMENTO","SACRAMENTO","CA",-121.44465,38.49493
"5804294",-121.452632737,38.559029004,2012,"3404","2","2","4","07",0,1,"A",,,,"Y",,900,10,"B","C","A","RT 50","48TH ST",1584,"W","N","2012-12-13",9252,"2012-10-16",635,"14288",,"1","7","0","1",,"2","151","-","Y","SAC",3,50,"-","R",1.11,"H","-","W","Y",6,"A","-",21658,"A","N","A","H","-","C","D","1","Y","D","22",0,0,1,0,0,0,0,0,0,"-","-","SACRAMENTO","SACRAMENTO","CA",-121.45391,38.55936
"5804291",-121.472280857,38.533959674,2012,"3404","3","5","4","03",0,1,"A",,,,,,900,10,"C","C","A","RT 99","12TH AV",2640,"S","N","2013-12-19",9252,"2012-10-19",650,"014510",,"1","7","0","1",,"2","192","-","Y","SAC",3,99,"-","-",22.63,"H","-","N","Y",5,"A","-",22350,,"N","A","H","-","A","D","1","Y","D","22",0,0,1,0,0,0,0,0,0,"-","-","SACRAMENTO","SACRAMENTO","CA",-121.47366,38.53876
"5803725",-121.453173033,38.4822650475,2012,"3404","0","5","4","08",0,1,"A",,,,,,2100,9,"B","C","A","FRANKLIN BL","BROOKFIELD DR",0,,"Y","2013-12-12",3404,"2012-09-21",2024,"0444","5","5","7","0","0",,"0","05B","-","N",,0,0,,,0,,,,"N",2,"A","-",22107,,"F","A","H","-","C","A","0","Y","A","01",0,0,1,0,0,0,0,0,0,"-","-","SACRAMENTO","SACRAMENTO","CA",0,0
"5803660",-121.432873129,38.5250249812,2012,"3404","0","4","3","12",0,1,"A",,"Y",,,,1500,9,"H","G","A","FRUITRIDGE RD","62ND ST",0,,"Y","2013-12-05",3404,"2012-09-27",1223,"0236","6","5","7","0","0",,"0","00B","-","N",,0,0,,,0,,,,,2,"A","-",21453,"A","F","A","H","-","A","A","0","Y","A","01",0,1,0,0,0,0,1,0,0,"-","-","SACRAMENTO","SACRAMENTO","CA",0,0
"5803656",-121.532153072,38.6430450097,2012,"3404","0","5","4","00",0,1,"A","Y",,,,,1200,9,"G","B","B","ARENA BL","DUCKHORN DR",0,,"Y","2014-04-28",3404,"2012-09-21",914,"4005","1","5","7","0","0",,"0","00A","-","N",,0,0,,,0,,,,"N",2,"D","-",0,,"N","A","H","-","A","A","0","Y","-","-",0,0,1,0,1,0,0,0,0,"-","-","SACRAMENTO","SACRAMENTO","CA",0,0
"5803652",-121.429362873,38.4600658805,2012,"3404","0","6","4","09",0,1,"A",,,,,,300,9,"D","C","A","CENTER PKWY","ARROYO VISTA DR",36,"N","N","2014-04-22",3404,"2012-09-29",51,"0744",,"5","7","0","0",,"0","05C","-","N",,0,0,,,0,,,,"N",2,"A","-",21801,"A","N","A","H","-","C","A","0","Y","A","01",0,0,1,0,0,0,0,0,0,"-","-","SACRAMENTO","SACRAMENTO","CA",0,0
"5802673",-121.508763376,38.57491093,2012,"3404","1","4","4","07",0,1,"B",,,,"Y",,1500,10,"B","C","A","RT 5","RT 50",1056,"E","N","2013-12-17",9252,"2012-10-11",1317,"018723",,"1","7","0","1",,"2","108","-","Y","SAC",3,5,"-","-",22.77,"H","-","S","N",2,"A","-",21658,"A","N","A","H","-","A","D","1","Y","G","25",0,0,1,0,0,0,0,0,0,"TO","-","SACRAMENTO","SACRAMENTO","CA",-121.50573,38.56687
"5802645",-121.472823181,38.535011671,2012,"3404","3","5","4","07",0,4,"A",,,,,,1800,10,"C","C","A","RT 99","12TH AV",2112,"S","N","2013-12-17",9252,"2012-10-05",1600,"014755",,"2","7","0","1",,"2","192","-","Y","SAC",3,99,"-","-",22.73,"H","-","N","Y",2,"A","-",21658,"A","N","A","H","-","A","D","1","Y","D","22",0,0,4,0,0,0,0,0,0,"-","-","SACRAMENTO","SACRAMENTO","CA",-121.47386,38.54048
"5801553",-121.194383119,38.6996750315,2012,"3401","0","6","3","03",0,1,"A",,,,,,1500,9,"C","C","A","OAK AV","SANTA JUANITA AV",0,,"Y","2013-12-09",3401,"2012-09-15",1310,"180",,"5","5","0","0",,"0",,"-","N",,0,0,,,0,,,,"N",2,"A","-",22350,,"N","A","H","-","A","A","0","Y","A","01",0,1,0,0,0,0,0,0,0,"-","-","FOLSOM","SACRAMENTO","CA",-121.9479,38.69975
"5801552",-121.175267908,38.6807479177,2012,"3401","0","7","3","01",0,1,"A",,,,,"Y",300,9,"E","I","A","GREENBACK LN","SCOTT ST",528,"N","N","2013-12-09",3401,"2012-09-23",123,"185","2","5","5","0","0",,"0","002","-","N",,0,0,,,0,,,,"Y",1,"A","-",23152,"A","N","A","H","-","C","D","0","Y","A","01",0,1,0,0,0,0,0,0,0,"-","-","FOLSOM","SACRAMENTO","CA",0,0
"5801551",-121.175693046,38.6769850366,2012,"3401","0","5","3","00",0,1,"A","Y",,,,,300,9,"G","B","E","RILEY ST","FIGUEROA ST",0,,"Y","2013-12-09",3401,"2012-09-21",0,"185","2","5","5","0","0",,"0","002","-","N",,0,0,,,0,,,,"N",2,"D","-",0,,"N","A","H","-","D","D","0","Y","-","-",0,1,0,0,1,0,0,0,0,"-","-","FOLSOM","SACRAMENTO","CA",0,0
"5801530",0,0,2012,"3401","0","4","4","12",0,1,"A",,,,,,1500,9,"D","C","A","GREEN VALLEY RD","EMPIRE RANCH RD",0,,"Y","2013-12-10",3401,"2012-09-20",1321,"136","3","5","5","0","0",,"0","003","-","N",,0,0,,,0,,,,"Y",2,"A","-",21453,"A","N","A","H","-","A","A","0","Y","A","01",0,0,1,0,0,0,0,0,0,"-","-","FOLSOM","SACRAMENTO","CA",-121.12379,38.68465
"5801517",-121.417272993,38.335905039,2012,"3400","5","6","4","09",0,2,"A",,,,,,1500,9,"D","C","A","BRUCEVILLE RD","POINT PLEASANT RD",0,,"Y","2013-12-11",9252,"2012-09-08",1215,"18782",,"1","9","0","3",,"2","080","-","N",,0,0,,,0,,,,"Y",2,"A","-",21801,"A","N","A","H","-","A","A","0","Y","A","01",0,0,2,0,0,0,0,0,0,"-","-","UNINCORPORATED","SACRAMENTO","CA",-121.41726,38.33584
"5801516",-121.431593139,38.4961650638,2012,"3400","4","2","3","01",0,3,"A",,,,,,900,9,"D","C","A","FLORIN RD","FAWN WY",0,,"Y","2013-12-12",9252,"2012-09-04",700,"17099",,"1","9","0","2",,"2","073","-","N",,0,0,,,0,,,,"Y",2,"A","-",23152,"A","N","A","H","-","A","A","0","Y","A","01",0,1,2,0,0,0,0,0,0,"-","-","UNINCORPORATED","SACRAMENTO","CA",-121.4314,38.49607
"5801515",-121.418827108,38.4932804004,2012,"3400","4","5","4","08",0,1,"A",,"Y",,,,1800,9,"D","G","A","LINDALE DR","RIMROCK DR",50,"E","N","2013-12-11",9252,"2012-09-07",1728,"19079",,"2","9","0","2",,"2","073","-","N",,0,0,,,0,,,,"N",2,"A","-",22107,,"N","A","H","-","A","D","0","Y","L","04",0,0,1,0,0,0,1,0,0,"-","-","UNINCORPORATED","SACRAMENTO","CA",-121.41879,38.4933
"5801499",-121.429140732,38.4961850774,2012,"3400","4","1","3","12",0,1,"A",,"Y",,,,1500,9,"D","G","A","FLORIN RD","STOCKTON BL",15,"E","N","2013-12-11",9252,"2012-09-10",1355,"16747",,"1","9","0","2",,"2","073","-","N",,0,0,,,0,,,,"N",2,"A","-",21453,"A","N","A","H","-","A","A","0","Y","L","04",0,1,0,0,0,0,1,0,0,"-","-","UNINCORPORATED","SACRAMENTO","CA",-121.4291,38.49618
"5801498",-121.464529952,38.5065993871,2012,"3400","4","1","4","05",0,1,"A",,,,,,1200,9,"D","C","A","MARTIN LUTHER KING JR BL","49TH AV",100,"N","N","2013-12-11",9252,"2012-09-10",1040,"13720",,"1","9","0","2",,"1","072","-","N",,0,0,,,0,,,,"Y",2,"A","-",21651,"B","N","A","H","-","A","A","0","Y","A","01",0,0,1,0,0,0,0,0,0,"-","-","UNINCORPORATED","SACRAMENTO","CA",-121.46451,38.50669
"5801497",-121.404329848,38.4817098704,2012,"3400","4","2","4","07",0,1,"A",,,,,,900,9,"B","C","A","GERBER RD","FERNRIDGE DR",270,"E","N","2013-12-12",9252,"2012-09-11",715,"17663",,"1","9","0","2",,"2","073","-","N",,0,0,,,0,,,,"Y",2,"A","-",21658,"A","N","A","H","-","A","D","0","Y","A","01",0,0,1,0,0,0,0,0,0,"-","-","UNINCORPORATED","SACRAMENTO","CA",-121.40456,38.48178
"5801493",-121.521987683,38.5192839,2012,"3404","1","2","4","01",0,1,"A",,,,,"Y",1800,9,"C","C","A","RT 5","43RD AV",600,"N","N","2014-05-06",9252,"2012-09-18",1725,"14296",,"2","7","0","1",,"2","107","-","Y","SAC",3,5,"-","-",18.79,"H","-","S","Y",4,"A","-",23152,"A","N","A","H","-","A","D","1","Y","A","07",0,0,1,0,0,0,0,0,0,"-","-","SACRAMENTO","SACRAMENTO","CA",-121.52221,38.51901
"5801492",-121.474025189,38.54637883,2012,"3404","3","2","4","03",0,1,"A",,,,,,1500,9,"C","C","A","RT 99","5TH AV",45,"S","N","2013-12-11",9252,"2012-09-04",1432,"13732",,"2","7","0","1",,"2","192","-","Y","SAC",3,99,"-","-",23.68,"H","-","S","Y",2,"A","-",22350,,"N","A","H","-","A","D","1","Y","A","01",0,0,1,0,0,0,0,0,0,"-","-","SACRAMENTO","SACRAMENTO","CA",-121.47415,38.54921
"5801491",-121.473740621,38.544030747,2012,"3404","3","5","4","03",0,1,"A",,,,,,1500,9,"C","C","A","RT 99","12TH AV",500,"N","N","2013-12-11",9252,"2012-09-07",1438,"18167",,"2","7","0","1",,"2","192","-","Y","SAC",3,99,"-","-",23.22,"H","-","N","N",2,"A","-",22350,,"N","A","H","-","A","D","1","Y","A","01",0,0,1,0,0,0,0,0,0,"-","-","SACRAMENTO","SACRAMENTO","CA",-121.42876,38.5625
"5801353",-121.411772739,38.4091260636,2012,"3450","0","6","4","03",0,2,"A",,,,,,900,9,"C","C","A","ELK GROVE BL","WYMARK DR",785,"W","N","2013-12-11",340,"2012-09-15",600,"10332","4201","5","5","0","0",,"0","004","-","N",,0,0,,,0,,,,"Y",2,"A","-",22350,,"N","A","H","-","C","D","0","Y","A","01",0,0,2,0,0,0,0,0,0,"-","-","ELK GROVE","SACRAMENTO","CA",0,0
"5801340",-121.430642871,38.6012790112,2012,"3404","0","4","2","11",0,1,"A","Y",,,,,300,9,"G","B","D","ARDEN WY","POINT WEST WY",24,"E","N","2013-12-12",3404,"2012-09-20",8,"0781",,"5","7","0","0",,"0","02C","-","N",,0,0,,,0,,,,"N",2,"A","-",21955,,"N","A","H","-","C","A","0","Y","N","60",1,0,0,0,1,0,0,0,0,"-","-","SACRAMENTO","SACRAMENTO","CA",0,0
"5801335",0,0,2012,"3404","0","4","4","03",0,3,"A",,,,,"Y",1800,9,"C","C","A","COSUMNES RIVER BL","CENTER PKWY",1584,"E","N","2013-12-12",3404,"2012-09-06",1752,"261","5","5","7","0","0",,"0","00C","-","N",,0,0,,,0,,,,"Y",5,"A","-",22350,,"N","A","D","-","A","A","0","Y","A","01",0,0,3,0,0,0,0,0,0,"-","-","SACRAMENTO","SACRAMENTO","CA",0,0
"5801326",-121.453075019,38.613862772,2012,"3404","0","4","4","01",0,2,"A",,,,,,2100,9,"A","I","A","ALTOS AV","FAIRFIELD ST",260,"S","N","2013-12-12",3404,"2012-09-20",2052,"700","2","5","7","0","0",,"0","02B","-","N",,0,0,,,0,,,,"Y",1,"A","-",23153,"A","N","A","H","-","C","D","0","Y","A","01",0,0,2,0,0,0,0,0,0,"-","-","SACRAMENTO","SACRAMENTO","CA",0,0
"5801325",-121.459730382,38.6098784709,2012,"3404","0","4","4","12",0,1,"A","Y",,,,,1800,9,"-","B","D","TRACTION AV","GROVE AV",125,"W","N","2013-12-12",3404,"2012-09-20",1513,"0290",,"5","7","0","0",,"0","02C","-","N",,0,0,,,0,,,,"N",2,"A","-",22454,,"N","A","H","-","A","A","0","Y","A","01",0,0,1,0,1,0,0,0,0,"-","-","SACRAMENTO","SACRAMENTO","CA",0,0
"5801324",-121.427163103,38.4741850608,2012,"3404","0","4","4","03",0,1,"A",,,,,,1200,9,"C","C","A","MACK RD","VALLEY HI DR",0,,"Y","2013-12-12",3404,"2012-09-20",913,"0622","SACTO","5","7","0","0",,"0","05C","-","N",,0,0,,,0,,,,"N",2,"A","-",22350,,"F","A","H","-","A","D","0","Y","A","07",0,0,1,0,0,0,0,0,0,"-","-","SACRAMENTO","SACRAMENTO","CA",0,0
"5800926",-121.451703123,38.6097949791,2012,"3404","0","1","4","03",0,1,"A",,"Y",,,,1500,9,"D","G","A","CANTALIER ST","DEL PASO BL",0,,"Y","2013-12-17",3404,"2012-09-17",1415,"598",,"5","7","0","0",,"0",,"-","N",,0,0,,,0,,,,"N",2,"A","-",22350,,"F","A","H","-","A","B","0","Y","-","-",0,0,1,0,0,0,1,0,0,"-","-","SACRAMENTO","SACRAMENTO","CA",0,0
"5800920",-121.437693095,38.4234350273,2012,"3450","0","5","4","03",0,1,"A",,,,,,2100,9,"C","C","A","LAGUNA BL","LAGUNA PARK DR",0,,"Y","2013-12-05",340,"2012-09-21",1859,"10038","2302","5","5","0","0",,"0","002","-","N",,0,0,,,0,,,,"Y",4,"A","-",22350,,"N","A","H","-","B","D","0","Y","A","08",0,0,1,0,0,0,0,0,0,"-","-","ELK GROVE","SACRAMENTO","CA",0,0
"5800919",0,0,2012,"3450","0","4","4","03",0,1,"A",,,,,,2100,9,"C","C","A","CALVINE RD","UTILITY POLE 156872",204,"E","N","2013-12-05",340,"2012-09-20",1926,"10038","3201","5","5","0","0",,"0","003","-","N",,0,0,,,0,,,,"Y",4,"A","-",22350,,"N","A","H","-","C","D","0","Y","A","08",0,0,1,0,0,0,0,0,0,"-","-","ELK GROVE","SACRAMENTO","CA",0,0
"5800918",0,0,2012,"3450","0","6","4","01",0,1,"A",,,,,"Y",2100,9,"C","C","A","HARBOUR POINT DR","LONGPORT CT",0,,"Y","2013-12-05",340,"2012-09-22",1923,"10258","1201","5","5","0","0",,"0","001","-","N",,0,0,,,0,,,,,3,"A","-",23152,"A","M","A","H","-","C","A","0","Y","A","01",0,0,1,0,0,0,0,0,0,"-","-","ELK GROVE","SACRAMENTO","CA",0,0
"5800742",-121.354650371,38.4526850801,2012,"3450","0","4","4","03",0,2,"A",,,,,,900,8,"C","C","A","CALVINE RD","WATERMAN RD",360,"W","N","2013-11-19",340,"2012-08-30",758,"10068",,"5","5","0","0",,"0",,"-","N",,0,0,,,0,,,,"N",2,"A","-",22350,,"N","A","H","-","A","A","0","Y","A","01",0,0,2,0,0,0,0,0,0,"-","-","ELK GROVE","SACRAMENTO","CA",0,0
"5800738",0,0,2012,"3450","0","7","4","03",0,1,"A","Y",,,,,2100,8,"G","B","E","JEF JEN WY","PATTI WY",0,"E","N","2013-11-19",340,"2012-08-26",1859,"10142",,"5","5","0","0",,"0","004","-","N",,0,0,,,0,,,,"N",2,"A","-",22350,,"N","A","H","-","A","D","0","Y","A","01",0,0,1,0,1,0,0,0,0,"-","-","ELK GROVE","SACRAMENTO","CA",0,0
"5799987",-121.421556315,38.6299014647,2012,"3404","0","2","2","03",0,1,"A",,,"Y",,,1800,8,"E","I","A","LOS ROBLES BL","DEL PASO BL",380,"W","N","2014-03-05",3404,"2012-08-14",1710,"0430","2B","5","7","0","0",,"0",,"-","N",,0,0,,,0,,,,"Y",1,"A","-",22350,,"N","A","H","-","A","D","0","Y","C","02",1,0,0,0,0,0,0,0,1,"-","-","SACRAMENTO","SACRAMENTO","CA",0,0
"5798158",-121.450781315,38.5987236038,2012,"3404","0","6","2","01",0,3,"A",,,,,"Y",600,10,"E","I","A","EXPOSITION BL","EXPO PKWY",140,"W","N","2013-12-19",3404,"2012-10-20",336,"201","2C","5","7","0","0",,"0",,"-","N",,0,0,,,0,,,,"Y",1,"A","-",23152,"A","N","A","H","-","C","D","0","Y","D","22",1,2,0,0,0,0,0,0,0,"-","-","SACRAMENTO","SACRAMENTO","CA",0,0