"CASEID","POINT_X","POINT_Y","YEAR_","LOCATION","CHPTYPE","DAYWEEK","CRASHSEV","VIOLCAT","KILLED","INJURED","WEATHER1","PEDCOL","BICCOL","MCCOL","TRUCKCOL","ETOH","TIMECAT","MONTH_","CRASHTYP","INVOLVE","PED","PRIMARYRD","SECONDRD","DISTANCE","DIRECT","INTERSECT_","PROCDATE","JURIS","DATE_","TIME_","BADGE","JURIDIST","SHIFT","POP","SPECIAL","BEATTYPE","LAPDDIV","BEATCLAS","BEATNUMB","WEATHER2","STATEHW","CALTRANC","CALTRAND","STROUTE","ROUTESUF","POSTPRE","POSTMILE","LOCATYPE","RAMP","SIDEHW","TOWAWAY","PARTIES","PCF","VIOLCODE","VIOL","VIOLSUB","HITRUN","ROADSURF","RDCOND1","RDCOND2","LIGHTING","RIGHTWAY","CHPRDTYP","NOTPRIV","STFAULT","CHPFAULT","SEVINJ","OTHERINJ","COP","PEDKILL","PEDINJ","BICKILL","BICINJ","MCKILL","MCINJURE","RAMP1","RAMP2","CITY","COUNTY","STATE","X_CHP","Y_CHP"
"5773214",-121.415413744,38.5981379296,2012,"3400","4","4","3","05",0,1,"A",,"Y",,,,1800,8,"H","G","A","HOWE AV","ALTA ARDEN EXPY",90,"S","N","2013-11-16",9250,"2012-08-09",1628,"17863",,"2","9","0","2",,"1","041","-","N",,0,0,,,0,,,,"N",2,"A","-",21650,"1","N","A","H","-","A","D","0","Y","L","04",0,1,0,0,0,0,1,0,0,"-","-","UNINCORPORATED","SACRAMENTO","CA",0,0
"5773213",-121.419639396,38.618088205,2012,"3400","4","3","3","11",0,1,"A","Y",,,,,2100,8,"G","B","D","MARCONI AV","RT 51",50,"E","N","2013-11-16",9250,"2012-08-08",1810,"16225",,"2","9","0","2",,"1","042","-","Y","SAC",3,51,"-","-",5.349,"R","1","N","N",2,"A","-",21461,"5","N","A","H","-","A","A","1","Y","N","60",0,1,0,0,1,0,0,0,0,"-","-","UNINCORPORATED","SACRAMENTO","CA",0,0
"5773212",-121.36776218,38.668398796,2012,"3400","5","2","4","09",0,2,"A",,,,,,900,8,"A","C","A","PALM AV","HARRISON ST",360,"E","N","2013-11-16",9250,"2012-08-07",755,"13321",,"1","9","0","3",,"2","010","-","N",,0,0,,,0,,,,"Y",2,"A","-",21801,"A","N","A","H","-","A","D","0","Y","A","08",0,0,2,0,0,0,0,0,0,"-","-","UNINCORPORATED","SACRAMENTO","CA",-121.36789,38.66834
"5773211",-121.383071279,38.5711726102,2012,"3400","4","6","2","00",0,1,"A",,"Y",,,,2400,8,"H","G","A","WATT AV","AMERICAN RIVER DR",400,"N","N","2013-11-16",9250,"2012-08-18",2150,"14344",,"2","9","0","2",,"1","045","-","N",,0,0,,,0,,,,"N",2,"D","-",0,,"N","A","H","-","C","D","0","Y","-","-",1,0,0,0,0,0,1,0,0,"TO","-","UNINCORPORATED","SACRAMENTO","CA",0,0
"5773210",-121.328041841,38.6370619569,2012,"3400","4","6","4","09",0,1,"A","Y",,,,,1200,8,"G","B","E","MANZANITA AV","FAIR OAKS BL",50,"N","N","2013-11-16",9250,"2012-08-11",1010,"14845",,"1","9","0","2",,"1","055","-","N",,0,0,,,0,,,,"N",2,"A","-",21804,"A","N","A","H","-","A","A","0","Y","A","01",0,0,1,0,1,0,0,0,0,"-","-","UNINCORPORATED","SACRAMENTO","CA",0,0
"5773209",-121.360583146,38.6101950954,2012,"3400","4","5","4","09",0,1,"A",,,,,,1800,8,"D","C","A","EL CAMINO AV","GREENWOOD AV",200,"W","N","2013-11-16",9250,"2012-08-24",1510,"14845",,"2","9","0","2",,"1","054","-","N",,0,0,,,0,,,,"Y",2,"A","-",21804,"A","N","A","H","-","A","A","0","Y","A","01",0,0,1,0,0,0,0,0,0,"-","-","UNINCORPORATED","SACRAMENTO","CA",0,0
"5773208",-121.549520598,38.6855566798,2012,"3400","5","1","4","08",0,1,"A",,,,,,1800,8,"B","C","A","ELKHORN BL","RT 99",2640,"W","N","2013-11-16",9250,"2012-08-20",1715,"16114",,"2","9","0","3",,"2","090","-","N",,0,0,,,0,,,,"Y",2,"A","-",22107,,"N","A","H","-","A","A","0","Y","A","01",0,0,1,0,0,0,0,0,0,"-","-","UNINCORPORATED","SACRAMENTO","CA",0,0
"5773207",-121.345943163,38.7037025629,2012,"3400","5","3","4","21",0,1,"A",,,,,,900,8,"C","C","A","DON JULIO BL","ANTELOPE RD",10,"N","N","2013-11-16",9250,"2012-08-22",850,"15423",,"1","9","0","3",,"2","010","-","N",,0,0,,,0,,,,"N",2,"A","-",22106,,"N","A","H","-","A","A","0","Y","A","07",0,0,1,0,0,0,0,0,0,"-","-","UNINCORPORATED","SACRAMENTO","CA",0,0
"5773206",-121.396853061,38.5887150854,2012,"3400","5","1","4","09",0,1,"A",,,"Y",,,2100,8,"F","A","A","HURLEY WY","JONAS AV",0,,"Y","2013-11-16",9250,"2012-08-20",1857,"15866",,"2","9","0","3",,"2","040","-","N",,0,0,,,0,,,,"N",2,"A","-",21802,"A","N","A","H","-","A","D","0","Y","A","01",0,0,1,0,0,0,0,0,1,"-","-","UNINCORPORATED","SACRAMENTO","CA",0,0
"5773205",-121.464368956,38.7145350932,2012,"3400","5","1","3","08",0,1,"A",,"Y",,,,2100,8,"A","G","A","ELVERTA RD","ELOISE AV",150,"W","N","2013-11-18",9250,"2012-08-20",1826,"15728",,"2","9","0","3",,"2","060","-","N",,0,0,,,0,,,,"Y",2,"A","-",22107,,"N","A","H","-","A","A","0","Y","A","01",0,1,0,0,0,0,1,0,0,"-","-","UNINCORPORATED","SACRAMENTO","CA",0,0
"5773204",-121.40600816,38.6180447596,2012,"3400","4","7","4","03",0,1,"A",,,,,,2100,8,"C","C","A","MARCONI AV","WRIGHT ST",10,"E","N","2013-11-18",9250,"2012-08-26",1826,"17863",,"2","9","0","2",,"1","042","-","N",,0,0,,,0,,,,"Y",2,"A","-",22350,,"N","A","H","-","A","A","0","Y","A","01",0,0,1,0,0,0,0,0,0,"-","-","UNINCORPORATED","SACRAMENTO","CA",0,0
"5773203",-121.410813644,38.5960950881,2012,"3400","4","6","4","21",0,1,"A",,,,,,2100,8,"C","C","A","ARDEN WY","BELL AV",23,"W","N","2013-11-18",9250,"2012-08-11",1830,"17445",,"2","9","0","2",,"1","046","-","N",,0,0,,,0,,,,"N",3,"A","-",22106,,"N","A","H","-","A","A","0","Y","A","01",0,0,1,0,0,0,0,0,0,"-","-","UNINCORPORATED","SACRAMENTO","CA",0,0
"5773202",-121.292093118,38.6526950029,2012,"3400","4","4","3","12",0,2,"A",,,,,"Y",1200,8,"D","C","A","SAN JUAN AV","SUNSET AV",0,,"Y","2013-11-18",9250,"2012-08-09",1005,"14845",,"1","9","0","2",,"1","025","-","N",,0,0,,,0,,,,"Y",2,"A","-",21453,"A","N","A","H","-","A","A","0","Y","A","01",0,2,0,0,0,0,0,0,0,"-","-","UNINCORPORATED","SACRAMENTO","CA",0,0
"5773201",-121.392233142,38.5859750253,2012,"3400","5","4","4","05",0,1,"A",,"Y",,,,1200,8,"H","G","A","MORSE AV","MAYFAIR DR",0,,"Y","2013-11-18",9250,"2012-08-09",1125,"17425",,"1","9","0","3",,"2","040","-","N",,0,0,,,0,,,,"N",2,"A","-",21650,"1","F","A","H","-","A","A","0","Y","L","04",0,0,1,0,0,0,1,0,0,"-","-","UNINCORPORATED","SACRAMENTO","CA",0,0
"5773157",-121.383113106,38.640015136,2012,"3400","3","3","4","03",0,1,"A",,,,,,1200,8,"C","C","A","RT 51","WATT AV",70,"N","N","2014-02-25",9250,"2012-08-01",900,"12047",,"1","9","0","1",,"2","152","-","Y","SAC",3,51,"-","-",7.97,"H","-","S","Y",3,"A","-",22350,,"N","A","H","-","A","D","1","Y","A","01",0,0,1,0,0,0,0,0,0,"-","-","UNINCORPORATED","SACRAMENTO","CA",0,0
"5773100",-121.363703019,38.6976350772,2012,"3400","4","2","4","08",0,1,"A",,"Y",,,,2100,8,"B","G","A","WALERGA RD","GALBRATH DR",0,,"Y","2013-11-23",9250,"2012-08-07",2040,"17883",,"2","9","0","2",,"1","013","-","N",,0,0,,,0,,,,"N",2,"A","-",22107,,"N","A","H","-","C","D","0","Y","A","07",0,0,1,0,0,0,1,0,0,"-","-","UNINCORPORATED","SACRAMENTO","CA",0,0
"5773099",-121.429153038,38.6691250447,2012,"3400","5","1","3","09",0,1,"A",,,,,,1800,8,"D","C","A","16TH ST","ASCOT AV",0,,"Y","2013-11-23",9250,"2012-08-06",1555,"15518",,"2","9","0","3",,"2","060","-","N",,0,0,,,0,,,,"Y",3,"A","-",21802,"A","N","A","H","-","A","A","0","Y","A","01",0,1,0,0,0,0,0,0,0,"-","-","UNINCORPORATED","SACRAMENTO","CA",0,0
"5773098",-121.364463161,38.662536411,2012,"3400","4","4","2","05",0,1,"A",,,"Y",,,2100,8,"A","C","A","HILLSDALE BL","MADISON AV",500,"N","N","2013-11-23",9250,"2012-08-02",1945,"15721",,"2","9","0","2",,"1","017","-","N",,0,0,,,0,,,,"N",2,"A","-",21650,,"N","A","H","-","A","D","0","Y","A","01",1,0,0,0,0,0,0,0,1,"-","-","UNINCORPORATED","SACRAMENTO","CA",0,0
"5773097",-121.369083139,38.6612350002,2012,"3400","4","3","3","17",0,1,"A","Y",,,,,1800,8,"G","B","B","MADISON AV","HARRISON ST",0,,"Y","2013-11-23",9250,"2012-08-01",1519,"15721",,"2","9","0","2",,"1","016","-","N",,0,0,,,0,,,,"N",3,"A","-",21451,"A","F","A","H","-","A","A","0","Y","-","99",0,1,0,0,1,0,0,0,0,"-","-","UNINCORPORATED","SACRAMENTO","CA",0,0
"5773096",-121.401435875,38.5937777294,2012,"3400","4","5","3","10",0,1,"A","Y",,,,,1800,8,"G","B","F","FULTON AV","MAISON WY",92,"N","N","2013-11-23",9250,"2012-08-31",1510,"17863",,"2","9","0","2",,"1","043","-","N",,0,0,,,0,,,,"N",2,"A","-",21952,,"N","A","H","-","A","D","0","Y","A","07",0,1,0,0,1,0,0,0,0,"-","-","UNINCORPORATED","SACRAMENTO","CA",0,0
"5773095",-121.351727812,38.6929315537,2012,"3400","4","5","4","08",0,1,"A",,,"Y",,,2400,8,"F","A","A","ELKHORN BL","DON JULIO BL",2,"E","N","2013-11-25",9250,"2012-08-31",2105,"18656",,"2","9","0","2",,"1","014","-","N",,0,0,,,0,,,,"N",1,"A","-",22107,,"N","A","H","-","C","D","0","Y","C","02",0,0,1,0,0,0,0,0,1,"-","-","UNINCORPORATED","SACRAMENTO","CA",0,0
"5773094",-121.364493166,38.7075396355,2012,"3400","4","2","3","08",0,1,"A",,,,,,1500,8,"E","I","A","WALERGA RD","ANTELOPE RD",1320,"N","N","2013-11-25",9250,"2012-08-28",1210,"16114",,"1","9","0","2",,"1","013","-","N",,0,0,,,0,,,,"Y",1,"A","-",22107,,"N","A","H","-","A","D","0","Y","A","01",0,1,0,0,0,0,0,0,0,"-","-","UNINCORPORATED","SACRAMENTO","CA",0,0
"5773093",-121.358653151,38.7199250085,2012,"3400","5","3","3","05",0,1,"A",,"Y",,,,900,8,"H","G","A","NORTH LOOP BL","PALMERSON DR",0,,"Y","2013-11-23",9250,"2012-08-29",738,"13321",,"1","9","0","3",,"2","010","-","N",,0,0,,,0,,,,"N",2,"A","-",21650,"1","N","A","H","-","A","A","0","Y","L","04",0,1,0,0,0,0,1,0,0,"-","-","UNINCORPORATED","SACRAMENTO","CA",-121.35729,38.7196
"5773090",-121.440359364,38.642614095,2012,"3404","1","1","4","03",0,1,"A",,,,,,1200,8,"C","C","A","RT 80","DRY CREEK RD",50,"W","N","2014-04-28",9250,"2012-08-20",900,"16114",,"1","7","0","1",,"2","181","-","Y","SAC",3,80,"-","M",7.12,"H","-","W","Y",3,"A","-",22350,,"N","A","H","-","A","A","1","Y","A","07",0,0,1,0,0,0,0,0,0,"-","-","SACRAMENTO","SACRAMENTO","CA",0,0
"5773089",-121.362643105,38.658895139,2012,"3400","1","1","4","03",0,1,"A",,,,,,1200,8,"C","C","A","RT 80","MADISON AV",75,"W","N","2014-04-28",9250,"2012-08-20",900,"15423",,"1","9","0","1",,"2","182","-","Y","SAC",3,80,"-","-",12.358,"R","1","W","N",2,"A","-",22350,,"N","A","H","-","A","A","1","Y","A","07",0,0,1,0,0,0,0,0,0,"FR","-","UNINCORPORATED","SACRAMENTO","CA",0,0
"5773088",-121.404382462,38.629339373,2012,"3404","3","1","3","03",0,1,"A",,,,,,1800,8,"C","C","A","RT 51","FULTON AV",1000,"S","N","2013-11-23",9250,"2012-08-20",1600,"14142",,"2","7","0","1",,"2","151","-","Y","SAC",3,51,"-","-",6.6,"H","-","N","Y",3,"A","-",22350,,"N","A","H","-","A","D","1","Y","A","01",0,1,0,0,0,0,0,0,0,"-","-","SACRAMENTO","SACRAMENTO","CA",0,0
"5773087",-121.365658574,38.656195782,2012,"3400","1","2","3","07",0,5,"A",,,,,,1800,8,"D","C","A","RT 80","MADISON AV",2000,"W","N","2014-04-28",9250,"2012-08-21",1750,"14142",,"2","9","0","1",,"2","183","-","Y","SAC",3,80,"-","-",12.1,"H","-","W","Y",3,"A","-",21658,"A","N","A","H","-","A","D","1","Y","A","01",0,1,4,0,0,0,0,0,0,"-","-","UNINCORPORATED","SACRAMENTO","CA",0,0
"5773086",-121.414630972,38.625059755,2012,"3400","3","6","4","03",0,1,"A",,,,,,600,8,"D","C","A","RT 51","HOWE AV",38,"N","N","2014-05-06",9250,"2012-08-04",509,"17979",,"3","9","0","1",,"2","151","-","Y","SAC",3,51,"-","-",5.97,"H","-","N","Y",2,"A","-",22350,,"N","A","H","-","C","D","1","Y","A","08",0,0,1,0,0,0,0,0,0,"-","-","UNINCORPORATED","SACRAMENTO","CA",0,0
"5773085",-121.415125399,38.624865992,2012,"3400","3","6","4","03",0,1,"A",,,,,,600,8,"D","C","A","RT 51","HOWE AV",127,"N","N","2013-11-23",9250,"2012-08-04",513,"17979",,"3","9","0","1",,"2","151","-","Y","SAC",3,51,"-","-",5.94,"H","-","N","N",2,"A","-",22350,,"N","A","H","-","C","D","1","Y","A","01",0,0,1,0,0,0,0,0,0,"-","-","UNINCORPORATED","SACRAMENTO","CA",0,0
"5773084",-121.414301271,38.625189019,2012,"3400","3","6","4","03",0,1,"A",,,,,,600,8,"D","C","A","RT 51","HOWE AV",147,"N","N","2014-05-06",9250,"2012-08-04",515,"17979",,"3","9","0","1",,"2","151","-","Y","SAC",3,51,"-","-",5.99,"H","-","N","Y",2,"A","-",22350,,"N","A","H","-","C","D","1","Y","A","07",0,0,1,0,0,0,0,0,0,"-","-","UNINCORPORATED","SACRAMENTO","CA",0,0
"5773083",-121.387638196,38.645060757,2012,"3400","1","3","3","08",0,1,"A",,,"Y",,,1800,8,"E","J","A","RT 80","WATT AV",131,"E","N","2014-04-28",9250,"2012-08-01",1718,"15518",,"2","9","0","1",,"2","181","-","Y","SAC",3,80,"-","M",10.275,"R","2","W","Y",1,"A","-",22107,,"N","A","H","-","A","D","1","Y","C","02",0,1,0,0,0,0,0,0,1,"FR","-","UNINCORPORATED","SACRAMENTO","CA",0,0
"5773082",-121.389613117,38.7154950302,2012,"3400","4","4","3","05",0,1,"A",,"Y",,,,1500,8,"H","G","A","ELVERTA RD","SAXONVILLE WY",0,,"Y","2013-11-23",9250,"2012-08-16",1440,"15423",,"2","9","0","2",,"1","062","-","N",,0,0,,,0,,,,"N",2,"A","-",21650,"1","N","A","H","-","A","D","0","Y","L","04",0,1,0,0,0,0,1,0,0,"-","-","UNINCORPORATED","SACRAMENTO","CA",0,0
"5773081",0,0,2012,"3400","5","6","4","09",0,1,"A",,,,,,1500,8,"D","C","A","DUDLEY BL","FREEDOM PARK DR",580,"S","N","2013-11-23",9250,"2012-08-18",1355,"15833",,"1","9","0","3",,"2","060","-","N",,0,0,,,0,,,,"N",2,"A","-",21804,"A","N","A","H","-","A","D","0","Y","A","07",0,0,1,0,0,0,0,0,0,"-","-","UNINCORPORATED","SACRAMENTO","CA",0,0
"5772841",-121.522809216,38.4956909932,2012,"3404","0","2","4","07",0,1,"A",,,,,,1800,9,"B","C","A","FLORIN RD","GREENHAVEN DR",249,"E","N","2013-12-10",3404,"2012-09-11",1508,"540","4C","5","7","0","0",,"0",,"-","N",,0,0,,,0,,,,"Y",2,"A","-",21658,"A","N","A","H","-","A","A","0","Y","A","07",0,0,1,0,0,0,0,0,0,"-","-","SACRAMENTO","SACRAMENTO","CA",0,0
"5772813",-121.47820823,38.611473388,2012,"3404","0","7","4","08",0,3,"A",,,,,,1800,9,"D","C","A","WEST EL CAMINO AV","NORTHGLEN ST",78,"E","N","2014-01-15",3404,"2012-09-02",1528,"0688","1","5","7","0","0",,"0","00C","-","N",,0,0,,,0,,,,"Y",2,"A","-",22107,,"N","A","H","-","A","D","0","Y","D","22",0,0,3,0,0,0,0,0,0,"-","-","SACRAMENTO","SACRAMENTO","CA",0,0
"5772467",-121.338586021,38.564936856,2012,"3490","2","2","4","-",0,4,"A",,,,,,900,9,"B","D","A","RT 50","BRADSHAW RD",200,"E","N","2013-12-12",9260,"2012-09-11",850,"012781",,"1","5","0","1",,"2","501","-","Y","SAC",3,50,"-","R",7.79,"H","-","W","Y",5,"A","-",0,,"N","A","H","-","A","D","1","Y","D","22",0,0,4,0,0,0,0,0,0,"-","-","RANCHO CORDOVA","SACRAMENTO","CA",0,0
"5772464",-121.480823029,38.6233250003,2012,"3404","0","7","3","01",0,1,"A",,,"Y",,"Y",1800,9,"F","E","A","NORMINGTON DR","NORTHSTEAD DR",0,,"Y","2014-03-17",3404,"2012-09-09",1555,"0688","1","5","7","0","0",,"0","00C","-","N",,0,0,,,0,,,,"Y",2,"A","-",23152,"A","N","A","H","-","A","D","0","Y","C","02",0,1,0,0,0,0,0,0,1,"-","-","SACRAMENTO","SACRAMENTO","CA",0,0
"5772463",-121.276004564,38.604239741,2012,"3490","2","1","4","18",0,1,"A",,,,,,900,9,"B","C","A","RT 50","SUNRISE BL",1500,"W","N","2013-12-12",9260,"2012-09-10",600,"013147",,"1","5","0","1",,"2","501","-","Y","SAC",3,50,"-","R",12.22,"H","-","E","N",2,"C","-",0,,"N","A","H","-","A","D","1","Y","-","-",0,0,1,0,0,0,0,0,0,"-","-","RANCHO CORDOVA","SACRAMENTO","CA",0,0
"5772459",-121.100643956,38.644047702,2012,"3401","2","5","4","07",0,1,"A",,,,,,900,9,"C","C","A","RT 50","BIDWELL ST",3696,"E","N","2013-12-12",9260,"2012-09-07",710,"012718",,"1","5","0","1",,"2","502","-","Y","SAC",3,50,"-","-",22.19,"H","-","W","N",2,"A","-",21658,"A","N","A","H","-","A","D","1","Y","D","22",0,0,1,0,0,0,0,0,0,"-","-","FOLSOM","SACRAMENTO","CA",0,0
"5772411",-121.280133062,38.6638550473,2012,"3496","0","6","2","09",0,1,"A",,,,,,900,9,"D","C","A","MADISON AV","UPLANDS WY",0,,"Y","2013-12-12",3496,"2012-09-01",710,"222",,"5","5","0","0",,"0",,"-","N",,0,0,,,0,,,,"Y",2,"A","-",21801,"A","N","A","H","-","A","A","0","Y","A","07",1,0,0,0,0,0,0,0,0,"-","-","CITRUS HEIGHTS","SACRAMENTO","CA",0,0
"5772407",-121.271873045,38.7076650817,2012,"3496","0","6","4","03",0,2,"A",,,,,,2100,9,"C","C","A","SUNRISE BL","ANTELOPE RD",0,,"Y","2013-12-12",3496,"2012-09-08",1818,"259",,"5","5","0","0",,"0",,"-","N",,0,0,,,0,,,,"Y",3,"A","-",22350,,"N","A","H","-","A","A","0","Y","A","01",0,0,2,0,0,0,0,0,0,"-","-","CITRUS HEIGHTS","SACRAMENTO","CA",0,0
"5772079",-121.328618106,38.6171460624,2012,"3400","4","6","4","03",0,1,"A",,,,,,1200,7,"C","C","A","FAIR OAKS BL","MARCONI AV",55,"N","N","2013-10-23",9250,"2012-07-07",1112,"017445",,"1","9","0","2",,"1","053","-","N",,0,0,,,0,,,,"N",3,"A","-",22350,,"N","A","D","H","A","A","0","Y","A","07",0,0,1,0,0,0,0,0,0,"-","-","UNINCORPORATED","SACRAMENTO","CA",0,0
"5772075",-121.37077038,38.6503385696,2012,"3400","5","6","3","03",0,1,"A",,,,,,1800,7,"C","C","A","NORRIS AV","PASADENA AV",20,"E","N","2013-10-23",9250,"2012-07-21",1500,"15833",,"2","9","0","3",,"2","050","-","N",,0,0,,,0,,,,"Y",2,"A","-",22350,,"N","A","H","-","A","A","0","Y","D","22",0,1,0,0,0,0,0,0,0,"-","-","UNINCORPORATED","SACRAMENTO","CA",0,0
"5772071",-121.38705889,38.64439902,2012,"3400","1","6","4","03",0,1,"A",,,,,,2400,7,"C","C","A","RT 80","WATT AV",528,"W","N","2014-04-28",9250,"2012-07-21",2140,"012773",,"2","9","0","1",,"2","182","-","Y","SAC",3,80,"-","M",10.27,"H","-","E","Y",2,"A","-",22350,,"N","A","H","-","C","D","1","Y","A","01",0,0,1,0,0,0,0,0,0,"-","-","UNINCORPORATED","SACRAMENTO","CA",0,0
"5772063",-121.593077504,38.671105125,2012,"3400","1","5","4","03",0,1,"A",,,,,,2100,7,"C","C","A","RT 5","AIRPORT BL",528,"N","N","2014-05-06",9250,"2012-07-20",1815,"017682",,"2","9","0","1",,"2","106","-","Y","SAC",3,5,"-","-",32.85,"H","-","S","Y",2,"A","-",22350,,"N","A","H","-","A","D","1","Y","A","01",0,0,1,0,0,0,0,0,0,"-","-","UNINCORPORATED","SACRAMENTO","CA",0,0
"5772059",-121.330136369,38.688378543,2012,"3400","1","5","4","06",0,1,"A",,,,,,1500,7,"B","C","A","RT 80","GREENBACK LN",2640,"E","N","2014-04-26",9250,"2012-07-20",1230,"016419",,"1","9","0","1",,"2","184","-","Y","SAC",3,80,"-","-",14.95,"H","-","E","N",2,"A","-",21755,,"N","A","H","-","A","D","1","Y","D","22",0,0,1,0,0,0,0,0,0,"-","-","UNINCORPORATED","SACRAMENTO","CA",-121.3269,38.69147
"5772055",-121.364363701,38.7120078185,2012,"3400","4","3","4","03",0,1,"A",,,,,,1500,7,"C","C","A","WALERGA RD","ELVERTA RD",489,"S","N","2013-10-22",9250,"2012-07-11",1230,"013997",,"1","9","0","2",,"1","013","-","N",,0,0,,,0,,,,"N",2,"A","-",22350,,"N","A","H","-","A","D","0","Y","D","22",0,0,1,0,0,0,0,0,0,"-","-","UNINCORPORATED","SACRAMENTO","CA",0,0
"5772051",-121.397353139,38.6034050499,2012,"3400","5","3","4","03",0,1,"A",,,,,,1500,7,"C","C","A","COTTAGE WY","GRAMERCY DR",0,,"Y","2013-10-23",9250,"2012-07-18",1220,"016225",,"1","9","0","3",,"2","040","-","N",,0,0,,,0,,,,"N",2,"A","-",22350,,"N","A","H","-","A","D","0","Y","D","22",0,0,1,0,0,0,0,0,0,"-","-","UNINCORPORATED","SACRAMENTO","CA",0,0
"5772050",-121.374975914,38.5532296011,2012,"3400","4","1","4","03",0,2,"A",,,,,,1500,8,"C","C","A","FOLSOM BL","WATT AV",75,"E","N","2013-12-05",9260,"2012-08-13",1310,"013284",,"1","9","0","2",,"2","101","-","N",,0,0,,,0,,,,"N",2,"A","-",22350,,"N","A","H","-","A","A","0","Y","A","08",0,0,2,0,0,0,0,0,0,"-","-","UNINCORPORATED","SACRAMENTO","CA",0,0
"5772047",-121.364041002,38.7110776846,2012,"3400","4","2","4","06",0,1,"A",,,,,,1200,7,"B","C","A","WALERGA RD","ELVERTA RD",840,"S","N","2013-10-23",9250,"2012-07-10",1140,"013997",,"1","9","0","2",,"1","013","-","N",,0,0,,,0,,,,"N",2,"A","-",21755,,"N","A","H","-","A","D","0","Y","A","01",0,0,1,0,0,0,0,0,0,"-","-","UNINCORPORATED","SACRAMENTO","CA",0,0
"5772029",-121.235548587,38.6785493666,2012,"3400","4","5","4","03",0,1,"A",,,,,,2100,8,"C","C","A","GREENBACK LN","HICKORY AV",150,"W","N","2013-11-23",9260,"2012-08-10",1935,"018590",,"2","9","0","2",,"2","302","-","N",,0,0,,,0,,,,"N",2,"A","-",22350,,"M","A","H","-","A","A","0","Y","D","22",0,0,1,0,0,0,0,0,0,"-","-","UNINCORPORATED","SACRAMENTO","CA",-121.14091,38.40426
"5771678",-121.382983165,38.6739300188,2012,"3400","4","3","4","03",0,1,"A",,,,,,1200,7,"C","A","A","WATT AV","KARL DR",20,"N","N","2013-10-19",9250,"2012-07-25",1145,"16363",,"1","9","0","2",,"1","011","-","N",,0,0,,,0,,,,"N",2,"A","-",22350,,"N","A","H","-","A","A","0","Y","D","22",0,0,1,0,0,0,0,0,0,"-","-","UNINCORPORATED","SACRAMENTO","CA",0,0
"5771677",-121.339307227,38.6847650365,2012,"3400","4","2","4","03",0,2,"A",,,,,,1800,7,"C","C","A","ELKHORN BL","DIABLO DR",80,"E","N","2013-10-19",9250,"2012-07-24",1747,"15976",,"2","9","0","2",,"1","014","-","N",,0,0,,,0,,,,"N",2,"A","-",22350,,"N","A","H","-","A","D","0","Y","D","22",0,0,2,0,0,0,0,0,0,"-","-","UNINCORPORATED","SACRAMENTO","CA",0,0
"5771674",-121.362417494,38.5820545413,2012,"3400","4","5","3","08",0,2,"A",,,,,,1200,7,"C","C","A","FAIR OAKS BL","ROBIN CT",90,"E","N","2013-10-19",9250,"2012-07-27",1155,"14845",,"1","9","0","2",,"1","053","-","N",,0,0,,,0,,,,"Y",2,"A","-",22107,,"N","A","H","-","A","D","0","Y","A","07",0,1,1,0,0,0,0,0,0,"-","-","UNINCORPORATED","SACRAMENTO","CA",0,0
"5771673",-121.379023133,38.7162850403,2012,"3400","5","6","4","09",0,2,"A",,,,,,1200,7,"D","C","A","DRIVER WY","ROLLINS WY",0,,"Y","2013-10-19",9250,"2012-07-07",1150,"16328",,"1","9","0","3",,"2","010","-","N",,0,0,,,0,,,,"N",2,"A","-",21802,"A","N","A","H","-","A","D","0","Y","D","22",0,0,2,0,0,0,0,0,0,"-","-","UNINCORPORATED","SACRAMENTO","CA",0,0
"5771670",0,0,2012,"3400","4","4","4","03",0,2,"A",,,,,,1500,7,"C","C","A","MARCONI AV","CLARK AV",120,"E","N","2013-10-19",9250,"2012-07-26",1230,"14845",,"1","9","0","2",,"1","052","-","N",,0,0,,,0,,,,"N",2,"A","-",22350,,"N","A","D","-","A","A","0","Y","A","01",0,0,2,0,0,0,0,0,0,"-","-","UNINCORPORATED","SACRAMENTO","CA",0,0
"5771669",-121.383043163,38.6540152487,2012,"3400","4","4","4","21",0,1,"A",,,,,,1500,7,"C","C","A","WATT AV","MYRTLE AV",40,"S","N","2013-10-19",9250,"2012-07-05",1340,"15423",,"1","9","0","2",,"1","011","-","N",,0,0,,,0,,,,"N",2,"A","-",22106,,"N","A","H","-","A","D","0","Y","D","22",0,0,1,0,0,0,0,0,0,"-","-","UNINCORPORATED","SACRAMENTO","CA",0,0
"5771666",-121.444683111,38.594155129,2012,"3404","3","1","4","04",0,1,"A",,,,,,1500,7,"C","C","A","RT 51","EXPOSITION BL",1100,"S","N","2013-10-19",9250,"2012-07-23",1454,"15866",,"2","7","0","1",,"2","152","-","Y","SAC",3,51,"-","-",3.15,"H","-","S","N",2,"A","-",21703,,"N","A","H","-","A","D","1","Y","D","22",0,0,1,0,0,0,0,0,0,"-","-","SACRAMENTO","SACRAMENTO","CA",0,0