"CASEID","POINT_X","POINT_Y","YEAR_","LOCATION","CHPTYPE","DAYWEEK","CRASHSEV","VIOLCAT","KILLED","INJURED","WEATHER1","PEDCOL","BICCOL","MCCOL","TRUCKCOL","ETOH","TIMECAT","MONTH_","CRASHTYP","INVOLVE","PED","PRIMARYRD","SECONDRD","DISTANCE","DIRECT","INTERSECT_","PROCDATE","JURIS","DATE_","TIME_","BADGE","JURIDIST","SHIFT","POP","SPECIAL","BEATTYPE","LAPDDIV","BEATCLAS","BEATNUMB","WEATHER2","STATEHW","CALTRANC","CALTRAND","STROUTE","ROUTESUF","POSTPRE","POSTMILE","LOCATYPE","RAMP","SIDEHW","TOWAWAY","PARTIES","PCF","VIOLCODE","VIOL","VIOLSUB","HITRUN","ROADSURF","RDCOND1","RDCOND2","LIGHTING","RIGHTWAY","CHPRDTYP","NOTPRIV","STFAULT","CHPFAULT","SEVINJ","OTHERINJ","COP","PEDKILL","PEDINJ","BICKILL","BICINJ","MCKILL","MCINJURE","RAMP1","RAMP2","CITY","COUNTY","STATE","X_CHP","Y_CHP"
"5769026",-121.298303603,38.6782856988,2012,"3496","0","6","3","03",0,2,"A",,,,,,900,10,"C","C","A","GREENBACK LN","FOUNTAIN SQUARE DR",17,"E","N","2013-12-18",3496,"2012-10-06",819,"315",,"5","5","0","0",,"0","003","-","N",,0,0,,,0,,,,"Y",2,"A","-",22350,,"N","A","H","-","A","A","0","Y","I","11",0,1,1,0,0,0,0,0,0,"-","-","CITRUS HEIGHTS","SACRAMENTO","CA",0,0
"5769022",-121.290413092,38.7184250317,2012,"3496","0","6","4","12",0,1,"A",,,,,,2100,10,"D","C","A","AUBURN BL","TWIN OAKS AV",0,,"Y","2013-12-20",3496,"2012-10-06",1944,"302",,"5","5","0","0",,"0",,"-","N",,0,0,,,0,,,,"Y",2,"A","-",21453,"A","N","A","H","-","C","A","0","Y","D","72",0,0,1,0,0,0,0,0,0,"-","-","CITRUS HEIGHTS","SACRAMENTO","CA",0,0
"5769016",-121.370101106,38.5105567687,2012,"3400","5","1","4","21",0,1,"A",,,,,,900,9,"C","C","A","SOUTH WATT AV","ELDER CREEK RD",70,"S","N","2013-12-14",9252,"2012-09-24",645,"017099",,"1","9","0","3",,"2","076","-","N",,0,0,,,0,,,,"N",2,"A","-",22106,,"N","A","H","-","A","A","0","Y","A","01",0,0,1,0,0,0,0,0,0,"-","-","UNINCORPORATED","SACRAMENTO","CA",-121.36999,38.51067
"5769008",-121.354132129,38.4601774631,2012,"3400","4","7","4","01",0,2,"A",,,,,"Y",300,10,"C","C","A","WATERMAN RD","WESTRAY DR",30,"N","N","2013-12-20",9252,"2012-10-07",1,"018872",,"3","9","0","2",,"2","073","-","N",,0,0,,,0,,,,"Y",2,"A","-",23152,"A","N","A","H","-","C","A","0","Y","D","22",0,0,2,0,0,0,0,0,0,"-","-","UNINCORPORATED","SACRAMENTO","CA",-121.35441,38.46009
"5769004",0,0,2012,"3450","S","4","3","18",0,1,"A",,,,,,1200,9,"H","A","A","LAGUNA BL","LAGUNA SPRINGS DR",1000,"W","N","2013-12-09",9252,"2012-09-27",1130,"17939",,"1","5","1","4",,"2","901","-","N",,0,0,,,0,,,,"N",1,"C","-",0,,"N","A","H","-","A","D","0","Y","-","-",0,1,0,0,0,0,0,0,0,"-","-","ELK GROVE","SACRAMENTO","CA",-121.3957,38.4237
"5769000",-121.452360347,38.496168846,2012,"3400","4","1","4","03",0,1,"A",,,,,,1800,9,"C","C","A","FLORIN RD","EAST PKWY",300,"W","N","2013-12-09",9252,"2012-09-24",1714,"14957",,"2","9","0","2",,"1","072","-","N",,0,0,,,0,,,,"N",2,"A","-",22350,,"N","A","H","-","A","A","0","Y","A","07",0,0,1,0,0,0,0,0,0,"-","-","UNINCORPORATED","SACRAMENTO","CA",0,0
"5768996",-121.391136535,38.4816878021,2012,"3400","4","1","4","03",0,1,"A",,,,"Y",,900,9,"C","C","A","GERBER RD","FRENCH RD",250,"W","N","2013-12-10",9252,"2012-09-24",740,"13720",,"1","9","0","2",,"2","073","-","N",,0,0,,,0,,,,"Y",2,"A","-",22350,,"N","A","H","-","A","D","0","Y","G","25",0,0,1,0,0,0,0,0,0,"-","-","UNINCORPORATED","SACRAMENTO","CA",-121.3927,38.48161
"5768980",-121.334762999,38.4638350454,2012,"3400","5","5","3","12",0,3,"A",,,,,,900,9,"D","C","A","BRADSHAW RD","VINTAGE PARK DR",0,,"Y","2013-12-09",9252,"2012-09-21",745,"18409",,"1","9","0","3",,"2","074","-","N",,0,0,,,0,,,,"Y",2,"A","-",21453,"A","N","A","H","-","A","D","0","Y","D","22",0,1,2,0,0,0,0,0,0,"-","-","UNINCORPORATED","SACRAMENTO","CA",-121.33499,38.46393
"5768976",-121.40972203,38.4961083243,2012,"3400","4","5","4","08",0,1,"A",,,,,,1200,9,"D","C","A","FLORIN RD","POWER INN RD",200,"W","N","2013-12-09",9252,"2012-09-14",1145,"18715",,"1","9","0","2",,"2","073","-","N",,0,0,,,0,,,,"Y",2,"A","-",22107,,"N","A","H","-","A","D","0","Y","A","01",0,0,1,0,0,0,0,0,0,"-","-","UNINCORPORATED","SACRAMENTO","CA",-121.411,38.49611
"5768972",-121.36283202,38.5325144373,2012,"3400","5","4","3","05",0,3,"A",,,,,,1500,8,"A","C","A","HEDGE AV","JACKSON RD",1465,"S","N","2013-11-09",9252,"2012-08-30",1430,"018243",,"2","9","0","3",,"2","076","-","N",,0,0,,,0,,,,"Y",2,"A","-",21460,"A","N","A","H","-","A","D","0","Y","A","01",0,1,2,0,0,0,0,0,0,"-","-","UNINCORPORATED","SACRAMENTO","CA",-121.36279,38.53205
"5768971",0,0,2012,"3450","0","3","4","05",0,1,"A",,"Y",,,,1500,10,"D","G","A","ELK GROVE BL","UTILITY POLE #UD06548",45,"E","N","2013-12-20",340,"2012-10-03",1352,"10174","5401","5","5","0","0",,"0","005","-","N",,0,0,,,0,,,,"N",2,"A","-",21650,"1","N","A","H","-","A","D","0","Y","L","04",0,0,1,0,0,0,1,0,0,"-","-","ELK GROVE","SACRAMENTO","CA",0,0
"5768970",-121.386823079,38.405905116,2012,"3450","0","3","4","03",0,3,"A",,,,,,900,10,"C","C","A","ELK GROVE BL","RT 99",50,"W","N","2013-12-20",340,"2012-10-03",800,"10007","4203","5","5","0","0",,"0","004","-","Y","SAC",3,99,"-","-",12.591,"R","4","S","Y",3,"A","-",22350,,"N","A","H","-","A","A","0","Y","A","01",0,0,3,0,0,0,0,0,0,"-","-","ELK GROVE","SACRAMENTO","CA",0,0
"5768968",-121.441448317,38.4962250788,2012,"3400","4","6","4","03",0,1,"A",,,"Y",,,1800,8,"C","C","A","FLORIN RD","55TH ST",30,"E","N","2013-11-09",9252,"2012-08-25",1630,"018243",,"2","9","0","2",,"1","072","-","N",,0,0,,,0,,,,"Y",2,"A","-",22350,,"N","A","H","-","A","D","0","Y","D","22",0,0,1,0,0,0,0,0,1,"-","-","UNINCORPORATED","SACRAMENTO","CA",-121.44097,38.49602
"5768967",-121.363817676,38.4089950761,2012,"3450","0","1","3","01",0,1,"B",,,,,"Y",300,10,"A","I","A","ELK GROVE BL","RAIL ROAD ST",56,"E","N","2013-12-20",340,"2012-10-08",34,"10364","5202","5","5","0","0",,"0","005","-","Y",,0,0,,,0,,,,"Y",1,"A","-",23152,"A","N","A","H","-","C","A","0","Y","D","22",0,1,0,0,0,0,0,0,0,"-","-","ELK GROVE","SACRAMENTO","CA",0,0
"5768640",-121.273533085,38.607605142,2012,"3400","2","1","2","09",0,1,"A",,"Y",,,,900,9,"D","G","A","SUNRISE","RT 50",812,"N","N","2013-12-11",9260,"2012-09-17",854,"017084",,"1","9","0","1",,"2","501","-","Y","SAC",3,50,"-","-",12.418,"R","3","W","Y",2,"A","-",21804,"A","N","A","H","-","A","D","1","Y","L","04",1,0,0,0,0,0,1,0,0,"TO","-","UNINCORPORATED","SACRAMENTO","CA",-121.1613,38.3641
"5768636",-121.353583027,38.5569750551,2012,"3400","5","2","3","05",0,1,"A",,"Y",,,,1200,9,"D","G","A","HUNTSMAN DR","GYPSY WY",0,,"Y","2013-12-11",9260,"2012-09-18",1030,"012465",,"1","9","0","3",,"2","001","-","N",,0,0,,,0,,,,"N",2,"A","-",21650,"1","N","A","H","-","A","A","0","Y","L","04",0,1,0,0,0,0,1,0,0,"-","-","UNINCORPORATED","SACRAMENTO","CA",0,0
"5768632",-121.370941181,38.53877326,2012,"3400","3","1","4","00",0,1,"A",,,,"Y",,600,10,"D","C","A","RT 16","WATT AV",0,,"Y","2013-12-16",9260,"2012-10-01",350,"016371",,"3","9","0","1",,"2","116","-","Y","SAC",3,16,"-","-",4.166,"I","5","W","Y",2,"D","-",0,,"N","A","H","-","C","A","0","Y","-","-",0,0,1,0,0,0,0,0,0,"-","-","UNINCORPORATED","SACRAMENTO","CA",0,0
"5768624",-121.244876426,38.6530169311,2012,"3400","5","7","3","11",0,1,"A","Y",,,,,1500,9,"G","B","E","SUNSET AV","KENNETH AV",201,"W","N","2013-12-11",9260,"2012-09-23",1416,"017084",,"2","9","0","3",,"2","003","-","N",,0,0,,,0,,,,"N",2,"A","-",21950,"B","N","A","H","-","A","D","0","Y","N","60",0,1,0,0,1,0,0,0,0,"-","-","UNINCORPORATED","SACRAMENTO","CA",-121.1445,38.391
"5768620",-121.244563148,38.7117632379,2012,"3400","5","3","4","01",0,1,"A",,,,,"Y",2100,9,"F","A","A","WACHTEL WY","PONTICELLI WY",252,"S","N","2014-03-14",9260,"2012-09-19",1945,"018140",,"2","9","0","3",,"2","003","-","N",,0,0,,,0,,,,"Y",1,"A","-",23152,"A","N","A","H","-","C","D","0","Y","D","22",0,0,1,0,0,0,0,0,0,"-","-","UNINCORPORATED","SACRAMENTO","CA",0,0
"5768615",-121.50329308,38.495895062,2012,"3404","0","7","4","09",0,2,"B",,,,,,2100,10,"D","C","A","AMHERST ST","FLORIN RD",0,,"Y","2013-12-23",3404,"2012-10-07",1850,"0831",,"5","7","0","0",,"0","05A","-","N",,0,0,,,0,,,,"Y",2,"A","-",21801,"A","F","A","H","-","B","A","0","Y","A","01",0,0,2,0,0,0,0,0,0,"-","-","SACRAMENTO","SACRAMENTO","CA",0,0
"5768580",-121.372213634,38.5426706917,2012,"3400","5","6","2","-",0,4,"A",,,,,,1800,9,"D","C","A","SOUTH WATT AV","CANBERRA DR",87,"N","N","2013-12-13",9260,"2012-09-22",1503,"017084",,"2","9","0","3",,"2","001","-","N",,0,0,,,0,,,,"Y",3,"A","-",0,,"N","A","H","-","A","A","0","Y","A","01",1,0,3,0,0,0,0,0,0,"-","-","UNINCORPORATED","SACRAMENTO","CA",-121.2157,38.3242
"5768576",-121.159896703,38.642300275,2012,"3401","2","4","4","04",0,2,"A",,,,,,900,9,"C","C","A","RT 50","PRAIRIE CITY RD",528,"W","N","2013-12-11",9260,"2012-09-20",836,"012718",,"1","5","0","1",,"2","502","-","Y","SAC",3,50,"-","-",19.14,"H","-","W","N",4,"A","-",21703,,"N","A","H","-","A","D","1","Y","D","22",0,0,2,0,0,0,0,0,0,"-","-","FOLSOM","SACRAMENTO","CA",0,0
"5768201",-121.469353041,38.5701850397,2012,"3404","0","4","3","12",0,1,"A",,,,,,1500,8,"D","C","A","29TH ST","CAPITOL AV",0,,"Y","2013-11-26",3404,"2012-08-30",1242,"663",,"5","7","0","0",,"0",,"-","N",,0,0,,,0,,,,"Y",2,"A","-",21453,"A","N","A","H","-","A","A","0","Y","A","01",0,1,0,0,0,0,0,0,0,"-","-","SACRAMENTO","SACRAMENTO","CA",0,0
"5768197",0,0,2012,"3404","0","3","4","03",0,1,"A",,,,,,1500,8,"C","C","A","SUTTERVILLE RD","ECURTIS DR",50,"W","N","2014-02-03",3404,"2012-08-29",1410,"0729",,"5","7","0","0",,"0",,"-","N",,0,0,,,0,,,,"N",3,"A","-",22350,,"N","A","H","-","A","A","0","Y","A","01",0,0,1,0,0,0,0,0,0,"-","-","SACRAMENTO","SACRAMENTO","CA",0,0
"5768194",-121.423453037,38.611094974,2012,"3404","0","3","4","03",0,3,"A",,,,,,1800,8,"C","C","A","EL CAMINO AV","ALBATROSS WY",0,,"Y","2013-11-26",3404,"2012-08-29",1631,"774",,"5","7","0","0",,"0","02C","-","N",,0,0,,,0,,,,"Y",4,"A","-",22350,,"N","A","H","-","A","A","0","Y","D","22",0,0,3,0,0,0,0,0,0,"-","-","SACRAMENTO","SACRAMENTO","CA",0,0
"5768190",-121.476463021,38.5708250314,2012,"3404","0","4","4","12",0,1,"A",,,,,,1800,8,"D","C","A","24TH ST","N ST",0,,"Y","2013-11-26",3404,"2012-08-30",1547,"0837",,"5","7","0","0",,"0","03B","-","N",,0,0,,,0,,,,"Y",2,"A","-",22450,"A","N","A","H","-","A","D","0","Y","D","22",0,0,1,0,0,0,0,0,0,"-","-","SACRAMENTO","SACRAMENTO","CA",0,0
"5768117",-121.336333001,38.5642312239,2012,"3400","4","2","4","03",0,1,"A",,,,,,1500,9,"C","C","A","BRADSHAW RD","MICRON AV",250,"N","N","2014-04-28",9260,"2012-09-04",1230,"12465",,"1","9","0","2",,"2","101","-","N",,0,0,,,0,,,,"N",2,"A","-",22350,,"N","A","H","-","A","D","0","Y","A","01",0,0,1,0,0,0,0,0,0,"-","-","UNINCORPORATED","SACRAMENTO","CA",0,0
"5768100",-121.392029606,38.409112364,2012,"3450","0","6","4","03",0,1,"A",,,,,,1800,8,"C","C","A","ELK GROVE BL","AUTO CENTER DR",150,"E","N","2014-04-22",340,"2012-08-25",1513,"10007","4203","5","5","0","0",,"0","004","-","N",,0,0,,,0,,,,"Y",2,"A","-",22350,,"N","A","H","-","A","D","0","Y","A","01",0,0,1,0,0,0,0,0,0,"-","-","ELK GROVE","SACRAMENTO","CA",0,0
"5768082",-121.450453029,38.4743750192,2012,"3404","0","7","4","12",0,2,"A",,,,,,1200,9,"D","C","A","FRANKLIN BL","MACK RD",0,,"Y","2013-12-10",3404,"2012-09-02",1019,"409","5","5","7","0","0",,"0","00B","-","N",,0,0,,,0,,,,"Y",2,"A","-",21453,"A","N","A","H","-","A","A","0","Y","D","22",0,0,2,0,0,0,0,0,0,"-","-","SACRAMENTO","SACRAMENTO","CA",0,0
"5767825",-121.426483603,38.4961130103,2012,"3400","4","1","4","03",0,4,"A",,,,,,1800,8,"C","C","A","FLORIN RD","LINDALE DR",80,"E","N","2013-11-25",9252,"2012-08-13",1707,"016747",,"2","9","0","2",,"2","073","-","N",,0,0,,,0,,,,"Y",5,"A","-",22350,,"N","A","H","-","A","A","0","Y","D","22",0,0,4,0,0,0,0,0,0,"-","-","UNINCORPORATED","SACRAMENTO","CA",-121.42651,38.49614
"5767821",-121.33493311,38.5108650211,2012,"3400","5","4","4","12",0,1,"A",,,,,,600,8,"D","C","A","BRADSHAW RD","ELDER CREEK RD",0,,"Y","2013-11-25",9252,"2012-08-23",555,"018197","9252","3","9","0","3",,"2","074","-","N",,0,0,,,0,,,,"N",2,"A","-",21453,"A","N","A","H","-","A","A","0","Y","D","22",0,0,1,0,0,0,0,0,0,"-","-","UNINCORPORATED","SACRAMENTO","CA",-121.33497,38.51062
"5767760",-121.298699811,38.584018217,2012,"3400","2","4","4","08",0,1,"A",,,,,,1800,8,"B","C","A","RT 50","WHITE ROCK PED O/C",100,"E","N","2013-11-26",9260,"2012-08-23",1657,"018276",,"2","9","0","1",,"2","501","-","Y","SAC",3,50,"-","R",10.16,"H","-","E","Y",2,"A","-",22107,,"N","A","H","-","A","D","1","Y","A","07",0,0,1,0,0,0,0,0,0,"-","-","UNINCORPORATED","SACRAMENTO","CA",0,0
"5767756",-121.272243093,38.6447350822,2012,"3400","4","3","4","09",0,2,"A",,,,,,1200,8,"D","C","A","SUNRISE BL","WINDING WY",0,,"Y","2013-11-26",9260,"2012-08-22",1130,"018316",,"1","9","0","2",,"2","301","-","N",,0,0,,,0,,,,"Y",2,"A","-",21453,"C","N","A","H","-","A","A","0","Y","A","01",0,0,2,0,0,0,0,0,0,"-","-","UNINCORPORATED","SACRAMENTO","CA",-121.27238,38.64456
"5767747",-121.382592468,38.5637816714,2012,"3400","4","6","3","08",0,1,"A",,,,,,2400,8,"E","I","A","WATT AV","LA RIVIERA DR",145,"S","N","2013-11-25",9260,"2012-08-25",2125,"018590",,"2","9","0","2",,"2","101","-","N",,0,0,,,0,,,,"Y",1,"A","-",22107,,"N","B","H","-","D","D","0","Y","D","22",0,1,0,0,0,0,0,0,0,"-","-","UNINCORPORATED","SACRAMENTO","CA",-121.22562,38.33492
"5767713",-121.173383135,38.6745650485,2012,"3401","0","4","4","09",0,1,"A",,,,,,1500,9,"D","C","A","RILEY ST","PERSIFER ST",0,,"Y","2013-12-11",3401,"2012-09-20",1452,"206","2","5","5","0","0",,"0","002","-","N",,0,0,,,0,,,,"Y",2,"A","-",21802,"A","N","A","H","-","A","A","0","Y","A","01",0,0,1,0,0,0,0,0,0,"-","-","FOLSOM","SACRAMENTO","CA",-121.16108,38.66853
"5767686",0,0,2012,"3401","0","4","3","00",0,1,"A",,"Y",,"Y",,1200,9,"H","G","A","FOLSOM-AUBURN RD","OAK AVENUE PKWY",10,"N","N","2013-12-11",3401,"2012-09-20",1013,"200","1","5","5","0","0",,"0","001","-","N",,0,0,,,0,,,,"N",2,"D","-",0,,"N","A","H","-","A","A","0","Y","-","-",0,1,0,0,0,0,1,0,0,"-","-","FOLSOM","SACRAMENTO","CA",-121.1793,38.68636
"5767669",0,0,2012,"3401","0","3","4","03",0,1,"A",,,,,,1500,9,"C","C","A","EAST BIDWELL ST","VIA FELICE",108,"N","N","2013-12-12",3401,"2012-09-19",1445,"206","4","5","5","0","0",,"0","004","-","N",,0,0,,,0,,,,"Y",3,"A","-",22350,,"N","A","H","-","A","A","0","Y","D","22",0,0,1,0,0,0,0,0,0,"-","-","FOLSOM","SACRAMENTO","CA",-121.11793,38.65025
"5767650",-121.2903894,38.7053172204,2012,"3496","0","1","4","03",0,1,"A",,,,,,1200,9,"E","I","A","AUBURN BL","ANTELOPE RD",469,"S","N","2013-12-11",3496,"2012-09-24",1011,"265",,"5","5","0","0",,"0","001","-","N",,0,0,,,0,,,,"Y",1,"A","-",22350,,"N","A","H","-","A","D","0","Y","A","01",0,0,1,0,0,0,0,0,0,"-","-","CITRUS HEIGHTS","SACRAMENTO","CA",0,0
"5767649",-121.362743107,38.510774993,2012,"3400","5","5","4","09",0,1,"A",,,,,,900,9,"D","C","A","ELDER CREEK RD","HEDGE AV",0,,"Y","2013-12-11",9252,"2012-09-21",625,"18409",,"1","9","0","3",,"2","074","-","N",,0,0,,,0,,,,"Y",2,"A","-",21800,"A","N","A","H","-","B","D","0","Y","D","22",0,0,1,0,0,0,0,0,0,"-","-","UNINCORPORATED","SACRAMENTO","CA",-121.36264,38.51073
"5767568",-121.459137949,38.560589052,2012,"3404","2","3","4","03",0,1,"A",,,,,,1800,9,"C","C","A","RT 50","STOCKTON BL",528,"E","N","2013-12-10",9252,"2012-09-19",1645,"017142",,"2","7","0","1",,"2","151","-","Y","SAC",3,50,"-","R",0.69,"H","-","E","N",3,"A","-",22350,,"M","A","H","-","A","D","1","Y","D","22",0,0,1,0,0,0,0,0,0,"-","-","SACRAMENTO","SACRAMENTO","CA",-121.4584,38.56026
"5767184",-121.308563042,38.6636250602,2012,"3400","4","7","3","01",0,1,"A",,,,,"Y",300,7,"D","C","A","MADISON AV","DEWEY DR",0,,"Y","2013-10-23",9250,"2012-07-15",243,"12773",,"3","9","0","2",,"1","024","-","N",,0,0,,,0,,,,"Y",2,"A","-",23152,"A","N","A","H","-","C","A","0","Y","-","-",0,1,0,0,0,0,0,0,0,"-","-","UNINCORPORATED","SACRAMENTO","CA",0,0
"5767090",-121.49874307,38.5245950646,2012,"3404","0","1","4","03",0,1,"A",,,,,,1800,9,"C","C","A","FRUITRIDGE RD","ASHLAND WY",0,,"Y","2013-12-07",3404,"2012-09-24",1725,"0508",,"5","7","0","0",,"0",,"-","N",,0,0,,,0,,,,"Y",3,"A","-",22350,,"N","A","H","-","A","D","0","Y","A","01",0,0,1,0,0,0,0,0,0,"-","-","SACRAMENTO","SACRAMENTO","CA",0,0
"5766853",-121.362587351,38.678039647,2012,"3400","4","6","4","08",0,1,"B",,,,,,2400,8,"B","C","A","WALERGA RD","OAKHOLLOW DR",1000,"N","N","2014-01-09",9250,"2012-08-04",2345,"18158",,"3","9","0","2",,"1","013","-","N",,0,0,,,0,,,,"N",2,"A","-",22107,,"N","A","H","-","C","D","0","Y","-","-",0,0,1,0,0,0,0,0,0,"-","-","UNINCORPORATED","SACRAMENTO","CA",0,0
"5766849",-121.291773089,38.6398450921,2012,"3400","5","7","4","09",0,1,"A",,,,,,1200,8,"D","C","A","SAN JUAN AV","LINCOLN AV",0,,"Y","2013-11-27",9250,"2012-08-05",935,"14845",,"1","9","0","3",,"2","050","-","N",,0,0,,,0,,,,"Y",2,"A","-",21801,"A","N","A","H","-","A","A","0","Y","A","07",0,0,1,0,0,0,0,0,0,"-","-","UNINCORPORATED","SACRAMENTO","CA",0,0
"5766734",-121.17633644,38.599481308,2012,"3400","4","4","3","03",0,1,"A",,,,,,900,9,"C","C","A","WHITE ROCK RD","GRANT LINE RD",1500,"E","N","2012-11-02",9260,"2012-09-27",720,"13560",,"1","9","0","2",,"2","102","-","N",,0,0,,,0,,,,"Y",4,"A","-",22350,,"N","A","H","-","A","D","0","Y","J","48",0,1,0,0,0,0,0,0,0,"-","-","UNINCORPORATED","SACRAMENTO","CA",-121,35
"5766624",-121.443933149,38.5250450788,2012,"3404","0","2","4","07",0,1,"A",,,,,,1200,10,"H","C","A","FRUITRIDGE RD","STOCKTON BL",369,"W","N","2012-11-14",3404,"2012-10-23",952,"200","6","5","7","0","0",,"0","00B","-","N",,0,0,,,0,,,,"N",2,"A","-",21658,"A","N","A","-","-","A","D","0","Y","J","48",0,0,1,0,0,0,0,0,0,"-","-","SACRAMENTO","SACRAMENTO","CA",0,0
"5766379",-121.459030456,38.5249631123,2012,"3400","4","7","3","08",0,1,"B",,,,,,2400,12,"D","C","A","FRUITRIDGE RD","DEL NORTE BL",45,"W","N","2013-01-29",9252,"2012-12-23",2350,"18872",,"3","9","0","2",,"1","071","-","N",,0,0,,,0,,,,"Y",2,"A","-",22103,,"N","A","H","-","C","D","0","Y","A","01",0,1,0,0,0,0,0,0,0,"-","-","UNINCORPORATED","SACRAMENTO","CA",-121.45917,38.52487
"5766336",-121.370231449,38.6706570851,2012,"3400","4","2","4","03",0,1,"A",,,,,,2100,11,"C","A","A","ROSEVILLE RD","PALM AV",1056,"N","N","2013-01-31",9250,"2012-11-06",1818,"16363",,"2","9","0","2",,"1","015","-","N",,0,0,,,0,,,,"Y",2,"A","-",22350,,"N","A","H","-","C","D","0","Y","J","48",0,0,1,0,0,0,0,0,0,"-","-","UNINCORPORATED","SACRAMENTO","CA",0,0
"5766310",-121.401648168,38.618006147,2012,"3400","4","6","4","01",0,1,"A",,,,,"Y",2400,9,"C","C","A","MARCONI AV","FULTON AV",50,"W","N","2012-11-27",9250,"2012-09-08",2110,"17979",,"2","9","0","2",,"1","042","-","N",,0,0,,,0,,,,"Y",2,"A","-",23152,"A","N","A","H","-","C","A","0","Y","A","01",0,0,1,0,0,0,0,0,0,"-","-","UNINCORPORATED","SACRAMENTO","CA",0,0
"5766247",-121.402676946,38.5887424828,2012,"3400","5","3","3","03",0,2,"A",,,,,,2100,9,"C","C","A","HURLEY WY","FULTON AV",350,"W","N","2012-11-27",9250,"2012-09-12",2021,"18126",,"2","9","0","3",,"2","040","-","N",,0,0,,,0,,,,"Y",2,"A","-",22350,,"N","A","H","-","C","D","0","Y","J","48",0,1,1,0,0,0,0,0,0,"-","-","UNINCORPORATED","SACRAMENTO","CA",0,0
"5765469",-121.176743116,38.673835044,2012,"3401","0","1","4","09",0,1,"A",,,,,,900,8,"D","C","A","NATOMA ST","DECATUR ST",0,,"Y","2013-11-23",3401,"2012-08-27",641,"203",,"5","5","0","0",,"0","002","-","N",,0,0,,,0,,,,"Y",3,"A","-",21802,"A","N","A","H","-","A","A","0","Y","A","08",0,0,1,0,0,0,0,0,0,"-","-","FOLSOM","SACRAMENTO","CA",0,0
"5765465",-121.173383135,38.6745650485,2012,"3401","0","3","3","09",0,2,"A",,,,,"Y",300,8,"D","C","A","RILEY ST","PERSIFER ST",0,,"Y","2013-11-23",3401,"2012-08-22",146,"176",,"5","5","0","0",,"0","002","-","N",,0,0,,,0,,,,"Y",2,"A","-",21802,"A","N","A","H","-","C","A","0","Y","D","22",0,1,1,0,0,0,0,0,0,"-","-","FOLSOM","SACRAMENTO","CA",0,0
"5765461",-121.173383135,38.6745650485,2012,"3401","0","6","4","09",0,1,"A",,,,,,1200,8,"D","C","A","RILEY ST","PERSIFER ST",0,,"Y","2013-11-23",3401,"2012-08-25",1143,"173",,"5","5","0","0",,"0",,"-","N",,0,0,,,0,,,,"N",2,"A","-",21802,"A","N","A","H","-","A","D","0","Y","D","23",0,0,1,0,0,0,0,0,0,"-","-","FOLSOM","SACRAMENTO","CA",0,0
"5765457",0,0,2012,"3401","0","4","4","09",0,1,"A",,,,,,1800,8,"A","C","A","HALIDON WY","NEWMARK WY",0,,"Y","2013-11-23",3401,"2012-08-23",1613,"206",,"5","5","0","0",,"0","004","-","N",,0,0,,,0,,,,"Y",2,"A","-",21801,"A","N","A","H","-","A","D","0","Y","A","07",0,0,1,0,0,0,0,0,0,"-","-","FOLSOM","SACRAMENTO","CA",0,0
"5765115",-121.403433146,38.4895174666,2012,"3400","4","7","3","01",0,1,"A",,,,,"Y",300,9,"A","E","A","KARA DR","JUDETTE AV",30,"N","N","2013-12-16",9252,"2012-09-23",245,"18872",,"3","9","0","2",,"1","071","-","N",,0,0,,,0,,,,"N",2,"A","-",23152,"A","N","A","H","-","C","D","0","Y","D","22",0,1,0,0,0,0,0,0,0,"-","-","UNINCORPORATED","SACRAMENTO","CA",-121.40348,38.48966
"5765111",-121.248322436,38.4796358565,2012,"3400","5","2","4","03",0,3,"A",,,,,,1800,9,"C","C","A","GRANT LINE RD","SUNRISE BL",2640,"S","N","2013-12-16",9252,"2012-09-04",1725,"15534",,"2","9","0","3",,"2","080","-","N",,0,0,,,0,,,,"Y",4,"A","-",22350,,"N","A","H","-","A","D","0","Y","A","07",0,0,3,0,0,0,0,0,0,"-","-","UNINCORPORATED","SACRAMENTO","CA",-121.24744,38.48049
"5765070",-121.409033148,38.4979528422,2012,"3400","4","3","4","03",0,2,"A",,,,,,1800,9,"C","C","A","POWER INN RD","VERNA MAE AV",70,"S","N","2014-03-28",9252,"2012-09-05",1550,"016747",,"2","9","0","2",,"2","073","-","N",,0,0,,,0,,,,"N",4,"A","-",22350,,"N","A","H","-","A","D","0","Y","D","22",0,0,2,0,0,0,0,0,0,"-","-","UNINCORPORATED","SACRAMENTO","CA",-121.4089,38.49791
"5765060",-121.258829894,38.613260721,2012,"3490","2","5","4","03",0,1,"A",,,,,,1800,9,"C","C","A","RT 50","SUNRISE BL",2112,"E","N","2013-12-16",9260,"2012-09-21",1605,"12781",,"2","5","0","1",,"2","502","-","Y","SAC",3,50,"-","-",12.9,"H","-","E","Y",2,"A","-",22350,,"N","A","H","-","A","D","1","Y","D","22",0,0,1,0,0,0,0,0,0,"-","-","RANCHO CORDOVA","SACRAMENTO","CA",0,0